Latitude,Longitude,Address
37.49329668,127.0146031,서울특별시 서초구 서초동 1671-2
37.48643663,127.0294075,서울특별시 서초구 서초동 1359-35
37.49407386,126.9859668,서울특별시 서초구 방배동 768-18
37.49207455,127.0115201,서울특별시 서초구 서초동 1571-2
37.48271455,127.0131869,서울특별시 서초구 서초동 1451-63
37.48404781,127.0173532,서울특별시 서초구 서초동 1445-13
37.49035219,126.992633,서울특별시 서초구 방배동 837-12
37.49599101,127.025241,서울특별시 서초구 서초동 1321-6
37.49832404,127.0237688,서울특별시 서초구 서초동 1316
37.48313085,126.9952441,서울특별시 서초구 방배동 923-6
37.50271242,127.0238798,서울특별시 서초구 서초동 1303-16
37.49299114,127.0134088,서울특별시 서초구 서초동 1573-11
37.4872135,126.983495,서울특별시 서초구 방배동 1460-1
37.48040873,126.9831897,서울특별시 서초구 방배동 453-12
37.48654744,127.0128535,서울특별시 서초구 서초동 1593-7
37.495193,127.019841,서울특별시 서초구 서초동 1678-8
37.48121473,127.0131592,서울특별시 서초구 서초동 1451-81
37.4753271,127.0455453,서울특별시 서초구 양재동 279-6
37.50715364,127.0088926,서울특별시 서초구 반포동 20-19
37.48465875,127.0119647,서울특별시 서초구 서초동 1585-12
37.51851595,127.0129915,서울특별시 서초구 잠원동 53
37.50848944,127.0186023,서울특별시 서초구 반포동 717-3
37.48354749,126.9965773,서울특별시 서초구 방배동 907-9
37.49221345,127.0131866,서울특별시 서초구 서초동 1574-6
37.50554535,127.0194357,서울특별시 서초구 반포동 731-27
37.50868386,127.0188523,서울특별시 서초구 반포동 717-10
37.50604535,127.0226298,서울특별시 서초구 반포동 738-11
37.50207337,127.0105477,서울특별시 서초구 반포동 54-14
37.51096137,127.0184356,서울특별시 서초구 잠원동 42-7
37.48554759,127.0148256,서울특별시 서초구 서초동 1601-5
37.49443539,127.0120756,서울특별시 서초구 서초동 1713-1
37.49099087,126.9851337,서울특별시 서초구 방배동 788-59
37.4872699,127.0310185,서울특별시 서초구 서초동 1358-1
37.50610056,127.0036593,서울특별시 서초구 잠원동 75-19
37.49221374,127.0290463,서울특별시 서초구 서초동 1337-14
37.49590759,127.0199081,서울특별시 서초구 서초동 1688-5
37.48146441,126.9969106,서울특별시 서초구 방배동 909-8
37.50721148,127.0006318,서울특별시 서초구 잠원동 76
37.486916,127.014508,서울특별시 서초구 서초동 1599-2
37.4907969,127.0103536,서울특별시 서초구 서초동 1550-11
37.5027113,127.0238406,서울특별시 서초구 서초동 1303-16
37.49060253,127.0133533,서울특별시 서초구 서초동 1568-5
37.50482327,127.0226854,서울특별시 서초구 반포동 738-43
37.49218571,127.0149643,서울특별시 서초구 서초동 1660-2
37.48713017,126.9831895,서울특별시 서초구 방배동 1476
37.48607473,126.9826063,서울특별시 서초구 방배동 3001-1
37.49199153,127.0288241,서울특별시 서초구 서초동 1337-2
37.49471343,127.0281574,서울특별시 서초구 서초동 1327-14
37.47332738,127.0478507,서울특별시 서초구 양재동 289-9
37.48857529,127.0300185,서울특별시 서초구 서초동 1341-9
37.48935261,127.0095759,서울특별시 서초구 서초동 1544-9
37.48707549,127.0314629,서울특별시 서초구 서초동 1358-11
37.49154647,126.9915775,서울특별시 서초구 방배동 811-15
37.47229967,127.0452398,서울특별시 서초구 양재동 291-23
37.48596364,126.9830229,서울특별시 서초구 방배동 3001-2
37.48165883,126.9971051,서울특별시 서초구 방배동 909-9
37.5116002,127.0194911,서울특별시 서초구 잠원동 38-13
37.49596328,127.0279907,서울특별시 서초구 서초동 1328-2
37.50551735,127.0067424,서울특별시 서초구 반포동 19-4
37.48138106,126.9953552,서울특별시 서초구 방배동 912-1
37.51090585,127.0200466,서울특별시 서초구 잠원동 38-26
37.49018622,127.0306295,서울특별시 서초구 서초동 1338-20
37.49437998,127.0198249,서울특별시 서초구 서초동 1637-1
37.50354541,127.0096866,서울특별시 서초구 반포동 58-6
37.4867976,127.0234914,서울특별시 서초구 서초동 1438-18
37.48432515,126.9950218,서울특별시 서초구 방배동 925-26
37.4932414,127.0293518,서울특별시 서초구 서초동 1329-8
37.49229705,127.0286297,서울특별시 서초구 서초동 1337
37.48626963,127.0097704,서울특별시 서초구 서초동 1536-4
37.4841801,127.0131292,서울특별시 서초구 서초동 1458-3
37.49407445,127.0187972,서울특별시 서초구 서초동 1640-13
37.49424126,127.028213,서울특별시 서초구 서초동 1330-20
37.49063055,127.0269354,서울특별시 서초구 서초동 1334-1
37.49160198,126.9889944,서울특별시 서초구 방배동 814-28
37.4819088,126.9967162,서울특별시 서초구 방배동 909-5
37.49518545,127.0198248,서울특별시 서초구 서초동 1678-8
37.50257353,127.0226299,서울특별시 서초구 서초동 1302-35
37.49301897,127.0162697,서울특별시 서초구 서초동 1669-3
37.47785354,126.9873005,서울특별시 서초구 방배동 475-20
37.49590962,127.0145052,서울특별시 서초구 서초동 1698-11
37.51423877,127.0186022,서울특별시 서초구 잠원동 26-10
37.48213098,126.9960774,서울특별시 서초구 방배동 911-19
37.49363006,127.0192972,서울특별시 서초구 서초동 1640-8
37.491908,127.0169641,서울특별시 서초구 서초동 1642-1
37.49404607,126.9852169,서울특별시 서초구 방배동 767-21
37.50365652,127.0106032,서울특별시 서초구 반포동 57-4
37.48090894,126.998355,서울특별시 서초구 방배동 983-1
37.49443542,127.0132421,서울특별시 서초구 서초동 1714-19
37.48924158,127.0135756,서울특별시 서초구 서초동 1565-7
37.48232543,126.9973828,서울특별시 서초구 방배동 908-8
37.47627143,127.0449342,서울특별시 서초구 양재동 276-10
37.48457491,126.9834118,서울특별시 서초구 방배동 425-1
37.49185263,127.0271576,서울특별시 서초구 서초동 1755-1
37.48285312,126.9959662,서울특별시 서초구 방배동 910-2
37.48279755,126.9949108,서울특별시 서초구 방배동 922-15
37.49526874,127.018075,서울특별시 서초구 서초동 1689-3
37.48121449,126.9999104,서울특별시 서초구 방배동 985-5
37.48721354,126.9858282,서울특별시 서초구 방배동 864-37
37.48432587,127.0351571,서울특별시 서초구 양재동 12-3
37.50668414,127.021491,서울특별시 서초구 반포동 734-6
37.48496377,126.9839117,서울특별시 서초구 방배동 421-3
37.51573857,127.01738,서울특별시 서초구 잠원동 15-4
37.49857406,127.0261853,서울특별시 서초구 서초동 1317-11
37.49157466,127.0145199,서울특별시 서초구 서초동 1656-4
37.50104572,127.0112143,서울특별시 서초구 반포동 50-5
37.48604713,126.9925776,서울특별시 서초구 방배동 938-24
37.49238012,127.0142143,서울특별시 서초구 서초동 1657-5
37.48174215,126.996744,서울특별시 서초구 방배동 909-11
37.46954993,127.0416847,서울특별시 서초구 양재동 333
37.4929078,127.0121867,서울특별시 서초구 서초동 1572-6
37.48601919,126.9830784,서울특별시 서초구 방배동 3001-2
37.48629776,127.0294631,서울특별시 서초구 서초동 1359-43
37.49157462,127.0122145,서울특별시 서초구 서초동 1570-2
37.49346335,127.0154086,서울특별시 서초구 서초동 1671-5
37.50829507,127.0216854,서울특별시 서초구 반포동 724-14
37.48749124,126.9832173,서울특별시 서초구 방배동 1459
37.49793525,127.0264908,서울특별시 서초구 서초동 1317-20
37.49307447,127.0134644,서울특별시 서초구 서초동 1573-10
37.49785144,126.9993544,서울특별시 서초구 반포동 72-8
37.51573857,127.0173245,서울특별시 서초구 잠원동 15-4
37.5037992,127.0211986,서울특별시 서초구 반포동 746-9
37.49087105,127.0056309,서울특별시 서초구 서초동 1499-17
37.4710217,127.0259638,서울특별시 서초구 우면동 67
37.49313028,127.0282408,서울특별시 서초구 서초동 1330-6
37.50554512,127.0067146,서울특별시 서초구 반포동 19-4
37.48371488,127.0378235,서울특별시 서초구 양재동 11-87
37.49854627,127.0257131,서울특별시 서초구 서초동 1317-32
37.4776868,126.9822176,서울특별시 서초구 방배동 444-3
37.49471317,127.0137421,서울특별시 서초구 서초동 1694-17
37.50855776,127.0117557,서울특별시 서초구 잠원동 58-24
37.49279699,127.0285463,서울특별시 서초구 서초동 1330-9
37.50142,127.0242107,서울특별시 서초구 서초동 1308
37.50318458,127.0235187,서울특별시 서초구 서초동 1303-10
37.50610056,127.0036871,서울특별시 서초구 잠원동 75-19
37.469586,127.0417,서울특별시 서초구 양재동 333
37.48938007,126.9921331,서울특별시 서초구 방배동 852-21
37.49526867,127.0140476,서울특별시 서초구 서초동 1694-6
37.49776808,126.9975212,서울특별시 서초구 반포동 104-4
37.48596365,126.9838561,서울특별시 서초구 방배동 866-10
37.48257514,126.9832174,서울특별시 서초구 방배동 437-4
37.50587869,127.0221854,서울특별시 서초구 반포동 738
37.48546425,127.0141867,서울특별시 서초구 서초동 1588-8
37.48801912,126.9921887,서울특별시 서초구 방배동 873-17
37.4797699,126.982662,서울특별시 서초구 방배동 453-24
37.50373983,127.0098255,서울특별시 서초구 반포동 58-7
37.469567,127.044381,서울특별시 서초구 양재동 341-1
37.50271239,127.0217411,서울특별시 서초구 서초동 1302-2
37.49254672,127.0116868,서울특별시 서초구 서초동 1572-13
37.48818608,127.0099093,서울특별시 서초구 서초동 1545-10
37.51118357,127.0186856,서울특별시 서초구 잠원동 42-10
37.50365651,127.0100199,서울특별시 서초구 반포동 58-8
37.49154677,127.0082982,서울특별시 서초구 서초동 1542-1
37.49451884,127.0186861,서울특별시 서초구 서초동 1639-7
37.50442081,127.0008156,서울특별시 서초구 반포동 18-3
37.4922968,127.0144921,서울특별시 서초구 서초동 1657-6
37.49510203,127.0144364,서울특별시 서초구 서초동 1695-5
37.4776551,126.9822232,서울특별시 서초구 방배동 444-3
37.50498991,127.0226021,서울특별시 서초구 반포동 738-41
37.50046246,127.0111866,서울특별시 서초구 반포동 50-10
37.47118867,127.04399,서울특별시 서초구 양재동 372-4
37.49857405,127.0258242,서울특별시 서초구 서초동 1317-31
37.47363282,127.043851,서울특별시 서초구 양재동 307-9
37.49393511,126.9931051,서울특별시 서초구 방배동 797-19
37.49887956,127.0255187,서울특별시 서초구 서초동 1317-1
37.47554914,127.0367405,서울특별시 서초구 양재동 121-14
37.482556,126.984567,서울특별시 서초구 방배동 436-3
37.49590302,127.0274073,서울특별시 서초구 서초동 1327-2
37.48429815,127.0379624,서울특별시 서초구 양재동 1-7
37.48015896,126.9945776,서울특별시 서초구 방배동 1038
37.50343457,127.0244353,서울특별시 서초구 서초동 1303-31
37.47693693,126.9846063,서울특별시 서초구 방배동 448-21
37.49537988,127.0202137,서울특별시 서초구 서초동 1678-4
37.49510212,127.0194082,서울특별시 서초구 서초동 1678-1
37.48168653,126.9928555,서울특별시 서초구 방배동 918-1
37.48888049,127.0126034,서울특별시 서초구 서초동 1565-19
37.48971335,126.9916053,서울특별시 서초구 방배동 852-1
37.50937802,127.00727,서울특별시 서초구 잠원동 70-2
37.50085156,127.0256575,서울특별시 서초구 서초동 1305-7
37.4814644,126.9965773,서울특별시 서초구 방배동 912-8
37.49182457,127.0110202,서울특별시 서초구 서초동 1555-10
37.47566035,127.0427122,서울특별시 서초구 양재동 264-13
37.500081,127.026173,서울특별시 서초구 서초동 1306-5
37.48715883,127.0323239,서울특별시 서초구 서초동 1361-2
37.48182525,126.9842173,서울특별시 서초구 방배동 436-28
37.484472,127.036673,서울특별시 서초구 양재동 11-17
37.51035018,127.0100197,서울특별시 서초구 잠원동 66-2
37.48888045,127.0100481,서울특별시 서초구 서초동 1548-4
37.48507506,126.9945219,서울특별시 서초구 방배동 925-19
37.50635087,127.0227687,서울특별시 서초구 반포동 737
37.46256002,127.0275037,서울특별시 서초구 우면동 717
37.49246301,126.9900498,서울특별시 서초구 방배동 813-8
37.4756326,127.0445454,서울특별시 서초구 양재동 273-2
37.49154716,127.0299629,서울특별시 서초구 서초동 1337-22
37.48821392,127.0134923,서울특별시 서초구 서초동 1579-5
37.47652137,127.0435177,서울특별시 서초구 양재동 263-9
37.50318434,127.00977,서울특별시 서초구 반포동 58-13
37.49229676,127.0126589,서울특별시 서초구 서초동 1571-17
37.485972,127.030423,서울특별시 서초구 서초동 1359-23
37.50221224,127.010631,서울특별시 서초구 반포동 54-13
37.49512986,127.0176306,서울특별시 서초구 서초동 1689-1
37.48029762,126.9826897,서울특별시 서초구 방배동 453-29
37.50340675,127.0219911,서울특별시 서초구 서초동 1302-16
37.49521322,127.0196582,서울특별시 서초구 서초동 1678-2
37.49399099,127.0116312,서울특별시 서초구 서초동 1712-7
37.49182457,127.0108535,서울특별시 서초구 서초동 1555-9
37.50923915,127.0074089,서울특별시 서초구 잠원동 70-2
37.48529728,126.9959384,서울특별시 서초구 방배동 902-7
37.49046359,127.0095204,서울특별시 서초구 서초동 1550-6
37.50751739,127.0221854,서울특별시 서초구 반포동 723-21
37.50415633,127.0031039,서울특별시 서초구 반포동 19-3
37.49018577,127.005604,서울특별시 서초구 서초동 1498-5
37.48326974,126.9961051,서울특별시 서초구 방배동 924-20
37.49407432,127.0114923,서울특별시 서초구 서초동 1712-2
37.48618602,126.9934664,서울특별시 서초구 방배동 935-3
37.49074087,126.9836894,서울특별시 서초구 방배동 2095
37.48932449,126.9906888,서울특별시 서초구 방배동 854-26
37.49493561,127.0273797,서울특별시 서초구 서초동 1327-29
37.47652137,127.0434899,서울특별시 서초구 양재동 263-9
37.48790792,126.9866614,서울특별시 서초구 방배동 828-30
37.50375568,127.0060393,서울특별시 서초구 반포동 118-3
37.47774237,126.9829676,서울특별시 서초구 방배동 450-14
37.48699175,127.0084372,서울특별시 서초구 서초동 1523-6
37.49665692,126.9877444,서울특별시 서초구 방배동 758-2
37.48535328,127.0212972,서울특별시 서초구 서초동 1442-9
37.47093835,127.0246862,서울특별시 서초구 우면동 65-1
37.4851313,127.0332961,서울특별시 서초구 서초동 1366-7
37.484194,127.013119,서울특별시 서초구 서초동 1458-3
37.50398974,127.0065758,서울특별시 서초구 반포동 118-3
37.48654746,127.0139923,서울특별시 서초구 서초동 1594-3
37.47971465,126.9991327,서울특별시 서초구 방배동 1022-1
37.4956576,127.0192415,서울특별시 서초구 서초동 1688-1
37.49257481,127.0292685,서울특별시 서초구 서초동 1337-17
37.46966108,127.0446566,서울특별시 서초구 양재동 368
37.51523863,127.0174078,서울특별시 서초구 잠원동 19-1
37.4889912,126.9904666,서울특별시 서초구 방배동 854-4
37.51037813,127.0197966,서울특별시 서초구 반포동 705-2
37.47554928,127.0446287,서울특별시 서초구 양재동 273-3
37.48354824,127.0382124,서울특별시 서초구 양재동 8-71
37.4982683,127.0131587,서울특별시 서초구 서초동 1685-3
37.50276773,127.0105199,서울특별시 서초구 반포동 55-6
37.47660469,127.0433788,서울특별시 서초구 양재동 263-8
37.4918526,127.0252411,서울특별시 서초구 서초동 1332-4
37.48888039,127.0068817,서울특별시 서초구 서초동 1503-18
37.4827391,127.0350334,서울특별시 서초구 양재동 24
37.50660084,127.0225743,서울특별시 서초구 반포동 736-15
37.4841037,127.0366014,서울특별시 서초구 양재동 11-49
37.495693,126.985899,서울특별시 서초구 방배동 760-2
37.49771232,126.9856612,서울특별시 서초구 방배동 751-5
37.49365772,127.0126866,서울특별시 서초구 서초동 1715-10
37.503129,127.02163,서울특별시 서초구 서초동 1302-1
37.48482502,126.9908,서울특별시 서초구 방배동 931-9
37.49190792,127.0123812,서울특별시 서초구 서초동 1571-30
37.48468606,126.9859116,서울특별시 서초구 방배동 954-31
37.48879712,127.0098537,서울특별시 서초구 서초동 1544-12
37.49718485,126.9996599,서울특별시 서초구 반포동 76-1
37.51132246,127.0196022,서울특별시 서초구 잠원동 38-17
37.49126908,127.0113535,서울특별시 서초구 서초동 1557-16
37.48651966,127.0129368,서울특별시 서초구 서초동 1593-7
37.48357594,127.0342127,서울특별시 서초구 양재동 23
37.47807668,127.0395735,서울특별시 서초구 양재동 81
37.51371105,127.0182967,서울특별시 서초구 잠원동 26-15
37.49726793,126.985689,서울특별시 서초구 방배동 755-14
37.47685362,126.9849674,서울특별시 서초구 방배동 448-22
37.50318458,127.0235465,서울특별시 서초구 서초동 1303-10
37.47729895,127.0375737,서울특별시 서초구 양재동 108-6
37.47557708,127.0459619,서울특별시 서초구 양재동 278-6
37.48385382,127.0417121,서울특별시 서초구 양재동 3-7
37.48260307,126.9918277,서울특별시 서초구 방배동 977-19
37.50204584,127.0239909,서울특별시 서초구 서초동 1309-1
37.49235183,126.985828,서울특별시 서초구 방배동 789-17
37.50321946,127.0040974,서울특별시 서초구 반포동 118-2
37.50507326,127.0236853,서울특별시 서초구 반포동 748-19
37.49026953,127.0297963,서울특별시 서초구 서초동 1338-4
37.48438105,127.0144367,서울특별시 서초구 서초동 1457-2
37.50315657,127.0102699,서울특별시 서초구 반포동 55-3
37.48768611,127.0085205,서울특별시 서초구 서초동 1510-2
37.49662982,127.0250743,서울특별시 서초구 서초동 1321-11
37.4879634,126.9828284,서울특별시 서초구 방배동 1756
37.49240812,127.0267965,서울특별시 서초구 서초동 1331-2
37.49054712,127.0212415,서울특별시 서초구 서초동 1647-2
37.47577145,127.0427955,서울특별시 서초구 양재동 264-12
37.48157548,126.9953552,서울특별시 서초구 방배동 913-30
37.49210238,127.0145754,서울특별시 서초구 서초동 1656-13
37.4810486,127.0424065,서울특별시 서초구 양재동 84-2
37.50126792,127.0115199,서울특별시 서초구 반포동 51-1
37.47585481,127.0448231,서울특별시 서초구 양재동 279-13
37.49615757,127.0204636,서울특별시 서초구 서초동 1680-3
37.49279677,127.0161308,서울특별시 서초구 서초동 1659-17
37.48496462,127.0316852,서울특별시 서초구 서초동 1364-47
37.482174,126.996404,서울특별시 서초구 방배동 909-1
37.50099042,127.025102,서울특별시 서초구 서초동 1308-10
37.48568677,127.0321018,서울특별시 서초구 서초동 1363-25
37.48588054,126.9956606,서울특별시 서초구 방배동 901-5
37.481074,127.0414979,서울특별시 서초구 양재동 4-12
37.495999,127.025257,서울특별시 서초구 서초동 1321-6
37.4826309,126.994633,서울특별시 서초구 방배동 922-24
37.46205061,127.026389,서울특별시 서초구 우면동 737
37.48682521,127.0144922,서울특별시 서초구 서초동 1599-2
37.48638045,126.9940774,서울특별시 서초구 방배동 935-40
37.50007388,127.0261575,서울특별시 서초구 서초동 1306-5
37.496102,127.0193804,서울특별시 서초구 서초동 1687-2
37.49129686,127.0117423,서울특별시 서초구 서초동 1557-21
37.4940183,126.9856058,서울특별시 서초구 방배동 768-20
37.50876691,127.0035482,서울특별시 서초구 잠원동 72-2
37.49296328,127.0087426,서울특별시 서초구 서초동 1709-8
37.49196355,127.0169641,서울특별시 서초구 서초동 1642-1
37.51279435,127.0106307,서울특별시 서초구 잠원동 61-11
37.49476899,127.0285741,서울특별시 서초구 서초동 1328-11
37.49701795,126.9856335,서울특별시 서초구 방배동 755-4
37.49118574,127.0104925,서울특별시 서초구 서초동 1556-9
37.48785309,127.02688,서울특별시 서초구 서초동 1342
37.49313006,127.0159364,서울특별시 서초구 서초동 1659-13
37.48696438,127.0307407,서울특별시 서초구 서초동 1359-45
37.49118574,127.0104647,서울특별시 서초구 서초동 1556-9
37.51101695,127.0204077,서울특별시 서초구 잠원동 37-14
37.4633283,127.0346022,서울특별시 서초구 양재동 219-2
37.48726904,126.9832451,서울특별시 서초구 방배동 1461
37.48393615,126.9863004,서울특별시 서초구 방배동 954-25
37.481243,127.04099,서울특별시 서초구 양재동 19-11
37.48788007,126.9825784,서울특별시 서초구 방배동 1778
37.48232568,127.0116037,서울특별시 서초구 서초동 1462-1
37.48113141,127.0134647,서울특별시 서초구 서초동 1451-95
37.48713075,127.0155755,서울특별시 서초구 서초동 1623-3
37.48421453,127.0216305,서울특별시 서초구 서초동 1431-9
37.46918883,127.040407,서울특별시 서초구 양재동 326-10
37.48501987,127.01502,서울특별시 서초구 서초동 1602-3
37.49296343,127.016964,서울특별시 서초구 서초동 1666-9
37.50843395,127.0219076,서울특별시 서초구 반포동 722-36
37.49665762,127.0268242,서울특별시 서초구 서초동 1320-10
37.49243562,127.011409,서울특별시 서초구 서초동 1572-15
37.49157455,127.008326,서울특별시 서초구 서초동 1542-1
37.49468496,126.9895498,서울특별시 서초구 방배동 773-7
37.50501736,127.0042149,서울특별시 서초구 반포동 19-3
37.492443,127.012341,서울특별시 서초구 서초동 1571-14
37.48565881,127.0216583,서울특별시 서초구 서초동 1440-1
37.48468661,127.0169921,서울특별시 서초구 서초동 1445-4
37.49349113,127.0161308,서울특별시 서초구 서초동 1670-3
37.48846422,127.0317128,서울특별시 서초구 서초동 1357-33
37.50248999,127.0106866,서울특별시 서초구 반포동 54-1
37.51307223,127.0179634,서울특별시 서초구 잠원동 30-2
37.48718573,126.9836339,서울특별시 서초구 방배동 1448
37.49537981,127.0164363,서울특별시 서초구 서초동 1685-8
37.48721351,126.9840783,서울특별시 서초구 방배동 1431
37.48313085,126.9952719,서울특별시 서초구 방배동 923-6
37.49521319,127.0178806,서울특별시 서초구 서초동 1689-2
37.48529792,127.0318796,서울특별시 서초구 서초동 1363-3
37.4688,127.0412125,서울특별시 서초구 양재동 329-11
37.49415776,127.0183528,서울특별시 서초구 서초동 1639-3
37.48724214,127.0319073,서울특별시 서초구 서초동 1358-8
37.49221339,127.0099925,서울특별시 서초구 서초동 1554-1
37.47679804,126.9832731,서울특별시 서초구 방배동 446-1
37.48079857,127.0389068,서울특별시 서초구 양재동 15-10
37.48929742,127.0299352,서울특별시 서초구 서초동 1339-2
37.48965809,127.0075761,서울특별시 서초구 서초동 1502-12
37.48446405,126.9961884,서울특별시 서초구 방배동 907-2
37.49540765,127.0202415,서울특별시 서초구 서초동 1678-4
37.48224224,127.0048821,서울특별시 서초구 서초동 1489-10
37.48151969,126.9822453,서울특별시 서초구 방배동 440-3
37.481528,126.992566,서울특별시 서초구 방배동 978-28
37.4796588,126.9821898,서울특별시 서초구 방배동 442-3
37.50885051,127.0186857,서울특별시 서초구 반포동 711-22
37.4636059,127.0262696,서울특별시 서초구 우면동 720
37.48682537,127.0236303,서울특별시 서초구 서초동 1438-8
37.51540527,127.0167134,서울특별시 서초구 잠원동 15-9
37.48849168,127.01427,서울특별시 서초구 서초동 1578-4
37.4879682,127.0102669,서울특별시 서초구 서초동 1545-5
37.48685242,126.983134,서울특별시 서초구 방배동 1397
37.47377177,127.0477951,서울특별시 서초구 양재동 287-5
37.48813091,127.0308518,서울특별시 서초구 서초동 1357-21
37.49654629,127.0138809,서울특별시 서초구 서초동 1698-3
37.4939911,127.017714,서울특별시 서초구 서초동 1675-10
37.48971363,127.0069373,서울특별시 서초구 서초동 1502-1
37.50571169,127.0021595,서울특별시 서초구 잠원동 75-14
37.48502033,127.0406566,서울특별시 서초구 양재동 2-38
37.48904738,127.0260467,서울특별시 서초구 서초동 1757
37.51043368,127.0200744,서울특별시 서초구 반포동 706
37.49282407,126.9899387,서울특별시 서초구 방배동 795-24
37.48104859,127.0414622,서울특별시 서초구 양재동 4-12
37.49579584,126.9836892,서울특별시 서초구 방배동 764-16
37.49179643,126.9906609,서울특별시 서초구 방배동 812-10
37.49907347,126.9968824,서울특별시 서초구 반포동 107-2
37.50612868,127.0231298,서울특별시 서초구 반포동 737-8
37.47518825,127.0466563,서울특별시 서초구 양재동 283-3
37.48554707,126.9857171,서울특별시 서초구 방배동 951-19
37.49537926,126.9856057,서울특별시 서초구 방배동 761-8
37.49501871,127.0150475,서울특별시 서초구 서초동 1695-7
37.45713423,127.0152985,서울특별시 서초구 우면동 757
37.49362957,126.9920496,서울특별시 서초구 방배동 797-28
37.4957417,127.0145145,서울특별시 서초구 서초동 1698-15
37.46780013,127.0417403,서울특별시 서초구 양재동 350-11
37.484144,126.983081,서울특별시 서초구 방배동 426-1
37.49926793,126.9987711,서울특별시 서초구 반포동 92-3
37.47810354,126.9887726,서울특별시 서초구 방배동 537-3
37.4956022,127.0270742,서울특별시 서초구 서초동 1327
37.48176995,126.9979939,서울특별시 서초구 방배동 908-13
37.49326896,127.017214,서울특별시 서초구 서초동 1669-14
37.47827107,127.0380459,서울특별시 서초구 양재동 67-7
37.50601099,127.0068443,서울특별시 서초구 반포동 19-4
37.48226987,126.996744,서울특별시 서초구 방배동 910-8
37.50295,127.012078,서울특별시 서초구 반포동 30-25
37.50860041,127.0119363,서울특별시 서초구 잠원동 58-24
37.47979873,127.0412678,서울특별시 서초구 양재동 82-8
37.48840797,126.9927164,서울특별시 서초구 방배동 874-15
37.49538001,127.0277963,서울특별시 서초구 서초동 1327-7
37.4967127,127.0005765,서울특별시 서초구 반포동 551-36
37.48341418,127.0346017,서울특별시 서초구 양재동 23
37.49745732,126.9855522,서울특별시 서초구 방배동 755-14
37.45646765,127.0162429,서울특별시 서초구 우면동 764
37.48718643,127.022797,서울특별시 서초구 서초동 1606-3
37.49885129,126.9974657,서울특별시 서초구 반포동 106-8
37.47085504,127.0253806,서울특별시 서초구 우면동 66-2
37.50435076,127.0036038,서울특별시 서초구 반포동 19-3
37.49201861,126.9900776,서울특별시 서초구 방배동 813-4
37.491139,127.024785,서울특별시 서초구 서초동 1334
37.48515871,127.0128258,서울특별시 서초구 서초동 1589-4
37.49479599,126.9857168,서울특별시 서초구 방배동 768-9
37.50129569,127.0110755,서울특별시 서초구 반포동 53-7
37.49176859,126.9869946,서울특별시 서초구 방배동 792-2
37.5100446,127.0070756,서울특별시 서초구 잠원동 70-1
37.50721186,127.0218521,서울특별시 서초구 반포동 735-11
37.50921362,127.007501,서울특별시 서초구 잠원동 70-2
37.48524213,127.0184364,서울특별시 서초구 서초동 1443-1
37.4825483,127.0352682,서울특별시 서초구 양재동 24-6
37.48876971,127.0302407,서울특별시 서초구 서초동 1340
37.49140797,127.0123534,서울특별시 서초구 서초동 1570-3
37.50896162,127.01938,서울특별시 서초구 반포동 718-1
37.488249,127.017174,서울특별시 서초구 서초동 1627-5
37.51293337,127.0189078,서울특별시 서초구 잠원동 29-23
37.49385165,126.9854113,서울특별시 서초구 방배동 779-2
37.48343638,126.9959662,서울특별시 서초구 방배동 924-21
37.48679769,127.0283799,서울특별시 서초구 서초동 1344-13
37.50768381,127.0092421,서울특별시 서초구 잠원동 68-17
37.48976931,127.0140755,서울특별시 서초구 서초동 1577-11
37.49249118,127.0124645,서울특별시 서초구 서초동 1571-15
37.50410111,127.0217411,서울특별시 서초구 반포동 746-5
37.4978792,126.9988544,서울특별시 서초구 반포동 91-6
37.49354681,127.0233801,서울특별시 서초구 서초동 1324-13
37.48201988,126.9961329,서울특별시 서초구 방배동 911-18
37.48215877,126.9969106,서울특별시 서초구 방배동 910-9
37.48674132,126.9826618,서울특별시 서초구 방배동 3160
37.49479676,127.0286018,서울특별시 서초구 서초동 1328-11
37.4852701,127.0289632,서울특별시 서초구 서초동 1355-8
37.48188101,126.9957996,서울특별시 서초구 방배동 911-11
37.48910272,127.0140478,서울특별시 서초구 서초동 1577-6
37.50593424,127.0219077,서울특별시 서초구 반포동 734-35
37.49068546,126.9914664,서울특별시 서초구 방배동 836-3
37.5079062,127.0204355,서울특별시 서초구 반포동 720-24
37.48507484,126.9827452,서울특별시 서초구 방배동 1715
37.46791122,127.0411848,서울특별시 서초구 양재동 327-19
37.50146253,127.0216856,서울특별시 서초구 서초동 1311-7
37.50265663,127.0102699,서울특별시 서초구 반포동 55-7
37.51043369,127.0207132,서울특별시 서초구 반포동 706-6
37.49237969,126.9903276,서울특별시 서초구 방배동 813-6
37.49404663,127.0162141,서울특별시 서초구 서초동 1674-5
37.487214,127.0114647,서울특별시 서초구 서초동 1582-3
37.488294,127.016881,서울특별시 서초구 서초동 1626-9
37.51304446,127.0184078,서울특별시 서초구 잠원동 29-19
37.48293217,127.0128211,서울특별시 서초구 서초동 1451-34
37.48396441,127.0130202,서울특별시 서초구 서초동 1458-9
37.46857757,127.027936,서울특별시 서초구 우면동 13-1
37.51529416,127.0164635,서울특별시 서초구 잠원동 15-10
37.49296335,127.0123534,서울특별시 서초구 서초동 1572-7
37.48221407,126.9832452,서울특별시 서초구 방배동 437-30
37.48224184,126.982773,서울특별시 서초구 방배동 437-6
37.51135025,127.0203243,서울특별시 서초구 잠원동 37-9
37.50607312,127.0223799,서울특별시 서초구 반포동 738-5
37.49326903,127.021547,서울특별시 서초구 서초동 1635-6
37.48335305,126.9956607,서울특별시 서초구 방배동 924-8
37.48796351,126.9887723,서울특별시 서초구 방배동 857-12
37.50376781,127.0211578,서울특별시 서초구 반포동 746-9
37.50182365,127.0246298,서울특별시 서초구 서초동 1309-8
37.49396303,127.001021,서울특별시 서초구 반포동 577-41
37.48063196,127.0410733,서울특별시 서초구 양재동 5-2
37.49171343,127.0090204,서울특별시 서초구 서초동 1553-15
37.50393446,127.0216855,서울특별시 서초구 반포동 746-11
37.5111558,127.0189634,서울특별시 서초구 잠원동 39-12
37.47713234,127.0394347,서울특별시 서초구 양재동 96-16
37.49476882,127.0195749,서울특별시 서초구 서초동 1638-1
37.49887907,126.9982156,서울특별시 서초구 반포동 94-7
37.49310227,127.0150198,서울특별시 서초구 서초동 1658-12
37.48737746,127.0084226,서울특별시 서초구 서초동 1510-15
37.48854722,127.0137145,서울특별시 서초구 서초동 1579-4
37.49535224,127.027713,서울특별시 서초구 서초동 1327-53
37.5144332,127.0193799,서울특별시 서초구 잠원동 27-4
37.51071137,127.0167136,서울특별시 서초구 잠원동 45-24
37.50346226,127.0197691,서울특별시 서초구 반포동 745
37.49235236,127.0150476,서울특별시 서초구 서초동 1658-7
37.49610165,126.9997155,서울특별시 서초구 반포동 78-12
37.50162923,127.024852,서울특별시 서초구 서초동 1308-4
37.50962824,127.020991,서울특별시 서초구 반포동 707-7
37.49257409,126.989411,서울특별시 서초구 방배동 793-20
37.50346226,127.0197968,서울특별시 서초구 반포동 745
37.48985263,127.0138533,서울특별시 서초구 서초동 1577-2
37.5084895,127.022102,서울특별시 서초구 반포동 722-38
37.48232541,126.9964662,서울특별시 서초구 방배동 910-7
37.50307299,126.9956879,서울특별시 서초구 반포동 18-4
37.49885129,126.9974379,서울특별시 서초구 반포동 106-8
37.5078229,127.0217687,서울특별시 서초구 반포동 724-26
37.50496211,127.0208522,서울특별시 서초구 반포동 732-33
37.51807164,127.0177966,서울특별시 서초구 잠원동 8-18
37.48496462,127.0316574,서울특별시 서초구 서초동 1364-47
37.48751921,126.9941885,서울특별시 서초구 방배동 898-3
37.48821384,127.0087427,서울특별시 서초구 서초동 1538-1
37.48557545,127.0195196,서울특별시 서초구 서초동 1443-8
37.51279447,127.0176579,서울특별시 서초구 잠원동 35-1
37.50562871,127.0215188,서울특별시 서초구 반포동 734-32
37.51379417,127.0072977,서울특별시 서초구 잠원동 65-4
37.48524171,126.9948552,서울특별시 서초구 방배동 925-3
37.47618795,127.0365183,서울특별시 서초구 양재동 111-5
37.50548984,127.0217688,서울특별시 서초구 반포동 739-1
37.48163185,127.0411566,서울특별시 서초구 양재동 6-37
37.48832472,126.9969382,서울특별시 서초구 방배동 894-20
37.48418655,127.0099372,서울특별시 서초구 서초동 1533
37.4928186,127.0161431,서울특별시 서초구 서초동 1659-17
37.5156275,127.0187688,서울특별시 서초구 잠원동 20-1
37.50468436,127.0205467,서울특별시 서초구 반포동 732-26
37.50923915,127.0074367,서울특별시 서초구 잠원동 70-2
37.50435108,127.0215189,서울특별시 서초구 반포동 740-17
37.50493437,127.0228243,서울특별시 서초구 반포동 738-45
37.48574211,127.0202417,서울특별시 서초구 서초동 1443-11
37.47768778,127.036796,서울특별시 서초구 양재동 69-5
37.48913049,127.0142144,서울특별시 서초구 서초동 1577-7
37.50001833,127.0259908,서울특별시 서초구 서초동 1306-4
37.50432293,127.0008263,서울특별시 서초구 반포동 18-3
37.49293564,127.0162974,서울특별시 서초구 서초동 1669-4
37.46277297,127.0438513,서울특별시 서초구 양재동 230
37.5142665,127.0163246,서울특별시 서초구 잠원동 23-2
37.4813533,126.9966607,서울특별시 서초구 방배동 912-7
37.50823952,127.021741,서울특별시 서초구 반포동 724-16
37.48582562,127.030713,서울특별시 서초구 서초동 1359-15
37.48824161,127.0087427,서울특별시 서초구 서초동 1538-1
37.49426887,127.0186583,서울특별시 서초구 서초동 1639-9
37.49460232,127.0276019,서울특별시 서초구 서초동 1327-33
37.49174129,127.0134644,서울특별시 서초구 서초동 1575-12
37.50890587,127.0086032,서울특별시 서초구 잠원동 66-9
37.48401994,127.0124092,서울특별시 서초구 서초동 1459-7
37.48716979,127.0083416,서울특별시 서초구 서초동 1510-15
37.49387991,127.0125478,서울특별시 서초구 서초동 1715-2
37.48968587,127.0077675,서울특별시 서초구 서초동 1502-12
37.4838533,127.0126591,서울특별시 서초구 서초동 1459-9
37.51079474,127.0194911,서울특별시 서초구 잠원동 40-9
37.49512977,127.012881,서울특별시 서초구 서초동 1714-5
37.47602144,127.0441565,서울특별시 서초구 양재동 274-4
37.48154765,126.9926055,서울특별시 서초구 방배동 978-28
37.49040824,127.0207693,서울특별시 서초구 서초동 1648-8
37.49207457,127.0127978,서울특별시 서초구 서초동 1571-18
37.49160241,127.0129089,서울특별시 서초구 서초동 1570-14
37.48443701,127.0373235,서울특별시 서초구 양재동 11-149
37.48932483,127.0095759,서울특별시 서초구 서초동 1544-9
37.51715509,127.0182133,서울특별시 서초구 잠원동 12-9
37.495611,127.02709,서울특별시 서초구 서초동 1327
37.49224127,127.0154087,서울특별시 서초구 서초동 1660-22
37.48690843,127.0086594,서울특별시 서초구 서초동 1523-5
37.49170366,127.0270369,서울특별시 서초구 서초동 1755-1
37.49915682,126.9981045,서울특별시 서초구 반포동 94-5
37.48804728,127.0141311,서울특별시 서초구 서초동 1598-1
37.49213041,127.0290741,서울특별시 서초구 서초동 1337-14
37.49351891,127.0164363,서울특별시 서초구 서초동 1670-9
37.49157238,127.0083315,서울특별시 서초구 서초동 1542-1
37.48957433,126.9831617,서울특별시 서초구 방배동 1942
37.50635086,127.0223521,서울특별시 서초구 반포동 735-37
37.49240812,127.0268243,서울특별시 서초구 서초동 1331-2
37.49282442,127.0092148,서울특별시 서초구 서초동 1718-4
37.48452033,127.0373235,서울특별시 서초구 양재동 11-149
37.50029582,127.0117699,서울특별시 서초구 반포동 51-7
37.48890822,127.0100204,서울특별시 서초구 서초동 1548-4
37.47696565,127.0371293,서울특별시 서초구 양재동 108-3
37.47616032,127.0444342,서울특별시 서초구 양재동 276
37.47021648,127.0397126,서울특별시 서초구 양재동 317
37.5112743,127.0193186,서울특별시 서초구 잠원동 39-10
37.48546434,127.0191307,서울특별시 서초구 서초동 1443-6
37.49415765,127.0123811,서울특별시 서초구 서초동 1713-6
37.47532694,127.0364072,서울특별시 서초구 양재동 120-11
37.50654497,127.0048537,서울특별시 서초구 잠원동 69-3
37.504383,127.021545,서울특별시 서초구 반포동 740-17
37.48454712,126.9824397,서울특별시 서초구 방배동 3005
37.49090765,126.9908831,서울특별시 서초구 방배동 812-23
37.49537932,126.9893832,서울특별시 서초구 방배동 18-21
37.51412766,127.0179634,서울특별시 서초구 잠원동 26-2
37.47899223,126.9833564,서울특별시 서초구 방배동 451-36
37.50914802,127.0014696,서울특별시 서초구 잠원동 73
37.50693412,127.0216854,서울특별시 서초구 반포동 735-2
37.49332452,127.0181028,서울특별시 서초구 서초동 1668-7
37.48604695,126.9826063,서울특별시 서초구 방배동 3001-1
37.47721469,126.985384,서울특별시 서초구 방배동 474-19
37.48143637,126.9822175,서울특별시 서초구 방배동 440-33
37.48413145,127.0349904,서울특별시 서초구 양재동 12-10
37.50468435,127.0201856,서울특별시 서초구 반포동 732-20
37.49835136,126.9984934,서울특별시 서초구 반포동 91-10
37.49890079,126.9976097,서울특별시 서초구 반포동 106-6
37.50671192,127.021491,서울특별시 서초구 반포동 734-6
37.50179562,127.0101311,서울특별시 서초구 반포동 54-12
37.47621583,127.0423511,서울특별시 서초구 양재동 263
37.4917135,127.0124367,서울특별시 서초구 서초동 1570-6
37.48204742,126.9829675,서울특별시 서초구 방배동 455-2
37.48901904,126.9943273,서울특별시 서초구 방배동 876-37
37.4948523,127.0279352,서울특별시 서초구 서초동 1327-18
37.50379558,127.0212967,서울특별시 서초구 반포동 746-9
37.49893512,127.0260742,서울특별시 서초구 서초동 1317-6
37.485278,126.994177,서울특별시 서초구 방배동 935-20
37.48549202,127.013909,서울특별시 서초구 서초동 1588-7
37.49390779,127.0185472,서울특별시 서초구 서초동 1640-1
37.48529765,127.0168532,서울특별시 서초구 서초동 1603-15
37.49226,127.0158852,서울특별시 서초구 서초동 1660-27
37.4887138,127.010187,서울특별시 서초구 서초동 1547-5
37.51101688,127.0166025,서울특별시 서초구 잠원동 44-13
37.48657523,127.0140201,서울특별시 서초구 서초동 1594-3
37.50285131,127.0245186,서울특별시 서초구 서초동 1303-35
37.49043589,127.0137422,서울특별시 서초구 서초동 1576-26
37.47649362,127.0449342,서울특별시 서초구 양재동 276-4
37.50272139,127.0243041,서울특별시 서초구 서초동 1303-35
37.49263876,127.011314,서울특별시 서초구 서초동 1572-2
37.50395073,127.0047947,서울특별시 서초구 반포동 19-3
37.49321339,127.0161863,서울특별시 서초구 서초동 1669-1
37.476502,127.04495,서울특별시 서초구 양재동 276-4
37.50657275,127.0052703,서울특별시 서초구 잠원동 69-5
37.49379675,127.0213803,서울특별시 서초구 서초동 1635-1
37.50912831,127.0217132,서울특별시 서초구 반포동 722-5
37.49143573,127.0112146,서울특별시 서초구 서초동 1556-6
37.48821392,127.0134645,서울특별시 서초구 서초동 1579-5
37.49499039,126.9843003,서울특별시 서초구 방배동 766-4
37.48043757,127.0428509,서울특별시 서초구 양재동 85-6
37.49768454,126.9853835,서울특별시 서초구 방배동 751-4
37.49412819,127.0125843,서울특별시 서초구 서초동 1713-4
37.50316824,127.0048216,서울특별시 서초구 반포동 118-6
37.48040875,126.984384,서울특별시 서초구 방배동 464-11
37.49565772,127.0255465,서울특별시 서초구 서초동 1321-9
37.4882695,127.0150477,서울특별시 서초구 서초동 1624-2
37.49451826,126.9862724,서울특별시 서초구 방배동 769-14
37.48713102,127.030463,서울특별시 서초구 서초동 1359-3
37.47577146,127.0432955,서울특별시 서초구 양재동 267-7
37.5030177,127.0103533,서울특별시 서초구 반포동 55-4
37.49726793,126.9857168,서울특별시 서초구 방배동 755-14
37.48860305,127.0295741,서울특별시 서초구 서초동 1341-5
37.498358,126.998524,서울특별시 서초구 반포동 91-10
37.50229556,127.0104644,서울특별시 서초구 반포동 54-2
37.5078229,127.021741,서울특별시 서초구 반포동 724-26
37.5004905,127.0258797,서울특별시 서초구 서초동 1306-1
37.48671413,127.0154644,서울특별시 서초구 서초동 1623-11
37.49101862,126.9838838,서울특별시 서초구 방배동 2096
37.47729796,126.9823288,서울특별시 서초구 방배동 444-6
37.49012236,127.006375,서울특별시 서초구 서초동 1498-5
37.483286,127.00854,서울특별시 서초구 서초동 1486-7
37.48568657,127.0207417,서울특별시 서초구 서초동 1443-17
37.50662846,127.0139362,서울특별시 서초구 반포동 20-51
37.50321236,127.0234909,서울특별시 서초구 서초동 1303-10
37.49637912,126.9843003,서울특별시 서초구 방배동 763-32
37.48432517,126.9962717,서울특별시 서초구 방배동 907-3
37.49562994,127.0255743,서울특별시 서초구 서초동 1321-9
37.49268567,127.0161586,서울특별시 서초구 서초동 1659-18
37.48963005,126.9927997,서울특별시 서초구 방배동 851-4
37.4874917,127.009076,서울특별시 서초구 서초동 1538-4
37.48421483,127.0382957,서울특별시 서초구 양재동 1-8
37.4968796,127.0147975,서울특별시 서초구 서초동 1697-11
37.4842416,126.9823841,서울특별시 서초구 방배동 438-24
37.48332604,127.0382957,서울특별시 서초구 양재동 8-70
37.504359,127.021535,서울특별시 서초구 반포동 740-17
37.489894,127.019024,서울특별시 서초구 서초동 1649-16
37.51596079,127.0184633,서울특별시 서초구 잠원동 14-13
37.48790844,127.015631,서울특별시 서초구 서초동 1625-10
37.49471321,127.0156863,서울특별시 서초구 서초동 1691-2
37.49804586,126.9992155,서울특별시 서초구 반포동 72-10
37.49882351,126.9973268,서울특별시 서초구 반포동 106-9
37.49287916,127.0283964,서울특별시 서초구 서초동 1330-7
37.48129771,126.994272,서울특별시 서초구 방배동 916-25
37.51243342,127.0187133,서울특별시 서초구 잠원동 36-26
37.47604921,127.0438787,서울특별시 서초구 양재동 274-6
37.485916,126.983844,서울특별시 서초구 방배동 866-10
37.48907486,127.0093815,서울특별시 서초구 서초동 1544-2
37.48579718,126.9937164,서울특별시 서초구 방배동 935-12
37.48940788,126.9939107,서울특별시 서초구 방배동 850-32
37.50374003,127.0207967,서울특별시 서초구 반포동 745-6
37.48582543,127.0203806,서울특별시 서초구 서초동 1443-12
37.50199029,127.0240743,서울특별시 서초구 서초동 1309-1
37.486129,127.015161,서울특별시 서초구 서초동 1600-7
37.48171414,126.9834674,서울특별시 서초구 방배동 456-2
37.48943591,127.0082149,서울특별시 서초구 서초동 1540-3
37.50024051,127.0250464,서울특별시 서초구 서초동 1307-16
37.50082378,127.0252686,서울특별시 서초구 서초동 1308-12
37.49107431,126.9918553,서울특별시 서초구 방배동 837-1
37.4755578,127.0367467,서울특별시 서초구 양재동 121-14
37.49226899,127.0127145,서울특별시 서초구 서초동 1571-17
37.48574203,127.0160754,서울특별시 서초구 서초동 1603-1
37.51301668,127.01813,서울특별시 서초구 잠원동 30-8
37.48540901,127.0313518,서울특별시 서초구 서초동 1364-44
37.48885236,126.9925497,서울특별시 서초구 방배동 852-16
37.492582,127.029257,서울특별시 서초구 서초동 1337-17
37.46627255,127.0430458,서울특별시 서초구 양재동 352-3
37.47863217,127.0395457,서울특별시 서초구 양재동 20-33
37.48107557,126.9974106,서울특별시 서초구 방배동 981-16
37.49979564,126.9982989,서울특별시 서초구 반포동 93-1
37.49624048,126.9975768,서울특별시 서초구 반포동 97-5
37.51357218,127.01863,서울특별시 서초구 잠원동 29-1
37.48388106,127.0119092,서울특별시 서초구 서초동 1459-2
37.4935038,127.0121267,서울특별시 서초구 서초동 1716-8
37.48613086,127.0151311,서울특별시 서초구 서초동 1600-7
37.487222,126.985844,서울특별시 서초구 방배동 864-37
37.48374261,127.035546,서울특별시 서초구 양재동 13-20
37.48260312,126.9946608,서울특별시 서초구 방배동 922-24
37.48038094,126.9822176,서울특별시 서초구 방배동 441-1
37.49860133,126.99816,서울특별시 서초구 반포동 95-3
37.4683001,127.0430735,서울특별시 서초구 양재동 346-8
37.47327184,127.0484062,서울특별시 서초구 양재동 392-9
37.48982475,127.0080205,서울특별시 서초구 서초동 1540-1
37.512802,127.010647,서울특별시 서초구 잠원동 61-11
37.49167592,127.0270879,서울특별시 서초구 서초동 1755-1
37.47521598,127.0444065,서울특별시 서초구 양재동 271-7
37.50054603,127.0251575,서울특별시 서초구 서초동 1308-14
37.48674143,126.9891612,서울특별시 서초구 방배동 868-28
37.48074202,126.9832175,서울특별시 서초구 방배동 455-15
37.50074045,127.0247687,서울특별시 서초구 서초동 1308-23
37.47746563,127.0391569,서울특별시 서초구 양재동 80-3
37.47607698,127.0434343,서울특별시 서초구 양재동 267-4
37.48957487,127.0135478,서울특별시 서초구 서초동 1566-8
37.49346338,127.0171029,서울특별시 서초구 서초동 1669-15
37.47566037,127.0439343,서울특별시 서초구 양재동 269-4
37.48438152,127.0407955,서울특별시 서초구 양재동 2-28
37.49601869,127.0201303,서울특별시 서초구 서초동 1688-6
37.50210139,127.0244631,서울특별시 서초구 서초동 1309-10
37.49790696,126.9980767,서울특별시 서초구 반포동 95-9
37.48629712,126.9937441,서울특별시 서초구 방배동 935-27
37.49243561,127.0113812,서울특별시 서초구 서초동 1572-15
37.51146129,127.0172691,서울특별시 서초구 잠원동 44-6
37.48954663,126.987328,서울특별시 서초구 방배동 821-11
37.505604,127.021896,서울특별시 서초구 반포동 739-2
37.48224209,126.996744,서울특별시 서초구 방배동 910-8
37.49841167,127.0262901,서울특별시 서초구 서초동 1317-13
37.49524039,126.9860779,서울특별시 서초구 방배동 769-1
37.47629906,127.037046,서울특별시 서초구 양재동 110-18
37.49137983,126.9917164,서울특별시 서초구 방배동 811-16
37.48440847,126.9949663,서울특별시 서초구 방배동 925-25
37.47343848,127.0480173,서울특별시 서초구 양재동 289-8
37.48040875,126.984634,서울특별시 서초구 방배동 464-12
37.48379787,127.0194919,서울특별시 서초구 서초동 1427-5
37.48468624,126.9962717,서울특별시 서초구 방배동 905-7
37.48907438,126.9828006,서울특별시 서초구 방배동 1929
37.50448971,127.0078257,서울특별시 서초구 반포동 118-3
37.48535348,127.0321851,서울특별시 서초구 서초동 1363-10
37.46363382,127.0346299,서울특별시 서초구 양재동 219
37.49262958,126.9861058,서울특별시 서초구 방배동 778-31
37.47221636,127.045962,서울특별시 서초구 양재동 291-18
37.49799029,126.9980767,서울특별시 서초구 반포동 95-8
37.49635212,127.0278519,서울특별시 서초구 서초동 1319-13
37.48926889,126.9874668,서울특별시 서초구 방배동 830-3
37.46896664,127.040657,서울특별시 서초구 양재동 327-2
37.48501931,126.9836617,서울특별시 서초구 방배동 421-1
37.48385375,127.0378235,서울특별시 서초구 양재동 11-86
37.48268646,126.995383,서울특별시 서초구 방배동 911-1
37.47918668,126.985134,서울특별시 서초구 방배동 467-26
37.48824135,126.9943274,서울특별시 서초구 방배동 876-20
37.47429942,127.0444343,서울특별시 서초구 양재동 305-11
37.492,127.02734,서울특별시 서초구 서초동 1755-1
37.48754691,126.9898833,서울특별시 서초구 방배동 870-1
37.47852107,127.0393513,서울특별시 서초구 양재동 20-34
37.49768478,126.9988822,서울특별시 서초구 반포동 90-3
37.47107723,127.025075,서울특별시 서초구 우면동 66-1
37.49124094,126.991022,서울특별시 서초구 방배동 812-25
37.49662985,127.0269075,서울특별시 서초구 서초동 1320-10
37.49157465,127.0137422,서울특별시 서초구 서초동 1575-8
37.50990594,127.0186856,서울특별시 서초구 반포동 703-19
37.4931573,126.9862168,서울특별시 서초구 방배동 778-20
37.47624362,127.0431566,서울특별시 서초구 양재동 264-7
37.47696467,126.9824676,서울특별시 서초구 방배동 445-4
37.49132464,127.0115201,서울특별시 서초구 서초동 1557-17
37.4876862,127.0131034,서울특별시 서초구 서초동 1597-2
37.47802012,126.9835786,서울특별시 서초구 방배동 451-11
37.47452165,127.0461564,서울특별시 서초구 양재동 280-6
37.50621168,127.0050481,서울특별시 서초구 잠원동 110
37.48682481,126.9924109,서울특별시 서초구 방배동 938-10
37.48218673,127.0073819,서울특별시 서초구 서초동 1479-1
37.50488752,127.0017174,서울특별시 서초구 반포동 19-1
37.48843639,127.0289353,서울특별시 서초구 서초동 1341-2
37.47429946,127.0466008,서울특별시 서초구 양재동 285-1
37.49018552,126.9916609,서울특별시 서초구 방배동 836-5
37.503775,127.024063,서울특별시 서초구 서초동 1303-22
37.49115818,127.0223525,서울특별시 서초구 서초동 1633-4
37.50240669,127.0121587,서울특별시 서초구 반포동 32-14
37.51554418,127.019241,서울특별시 서초구 잠원동 20-5
37.51212791,127.0188522,서울특별시 서초구 잠원동 35-29
37.506831,127.022813,서울특별시 서초구 반포동 736-17
37.48365884,127.010576,서울특별시 서초구 서초동 1460-1
37.48418661,127.013659,서울특별시 서초구 서초동 1458-6
37.49412983,127.0098536,서울특별시 서초구 서초동 1705
37.48479809,127.0381012,서울특별시 서초구 양재동 1-11
37.5124334,127.0176023,서울특별시 서초구 잠원동 35-5
37.49290785,127.0153253,서울특별시 서초구 서초동 1659-2
37.47546598,127.0457675,서울특별시 서초구 양재동 278-7
37.47307725,127.0391293,서울특별시 서초구 양재동 241-3
37.50771158,127.0093254,서울특별시 서초구 잠원동 68-17
37.47204972,127.0463786,서울특별시 서초구 양재동 391-18
37.49085242,127.0091315,서울특별시 서초구 서초동 1552-5
37.4876032,127.0313518,서울특별시 서초구 서초동 1357-72
37.49238038,127.0286297,서울특별시 서초구 서초동 1337
37.50165699,127.0239909,서울특별시 서초구 서초동 1309-5
37.48321441,127.0083262,서울특별시 서초구 서초동 1486-6
37.47727129,127.043601,서울특별시 서초구 양재동 275-7
37.50829277,127.0080299,서울특별시 서초구 잠원동 70
37.47899224,126.9838008,서울특별시 서초구 방배동 451-33
37.4930602,127.0147365,서울특별시 서초구 서초동 1658-1
37.49257458,127.0164919,서울특별시 서초구 서초동 1666-2
37.49629582,126.985689,서울특별시 서초구 방배동 760-2
37.50896159,127.0181024,서울특별시 서초구 반포동 701-52
37.47765903,126.9822176,서울특별시 서초구 방배동 444-3
37.48893551,126.9827451,서울특별시 서초구 방배동 1835
37.48743654,127.0307963,서울특별시 서초구 서초동 1357-55
37.49371291,126.9926329,서울특별시 서초구 방배동 797-12
37.49229627,126.9849114,서울특별시 서초구 방배동 785-9
37.47004991,127.0437678,서울특별시 서초구 양재동 334-3
37.48665861,127.0171031,서울특별시 서초구 서초동 1621-16
37.4783812,126.983773,서울특별시 서초구 방배동 451-31
37.49501872,127.0154086,서울특별시 서초구 서초동 1696-15
37.46402267,127.0347688,서울특별시 서초구 양재동 210-5
37.51543308,127.0188799,서울특별시 서초구 잠원동 20-8
37.48746347,126.9833839,서울특별시 서초구 방배동 1458
37.48190894,127.0046599,서울특별시 서초구 방배동 1002-15
37.5083744,127.0079868,서울특별시 서초구 잠원동 70
37.48804723,127.011298,서울특별시 서초구 서초동 1563-11
37.48524232,127.0288243,서울특별시 서초구 서초동 1355-8
37.49576816,126.9888276,서울특별시 서초구 방배동 19-3
37.48988049,127.0189917,서울특별시 서초구 서초동 1649-16
37.48063093,126.9836063,서울특별시 서초구 방배동 456-18
37.49138019,127.011659,서울특별시 서초구 서초동 1557-22
37.48549203,127.0142145,서울특별시 서초구 서초동 1588-8
37.4887135,126.9933274,서울특별시 서초구 방배동 875-2
37.4688553,127.0272693,서울특별시 서초구 우면동 8-4
37.49410212,127.0132421,서울특별시 서초구 서초동 1715-5
37.48477023,127.0333517,서울특별시 서초구 서초동 1366-9
37.48210397,127.0384068,서울특별시 서초구 양재동 10-60
37.49846248,126.9994933,서울특별시 서초구 반포동 72-3
37.48038094,126.982162,서울특별시 서초구 방배동 441-1
37.495547,127.014642,서울특별시 서초구 서초동 1695-3
37.47532706,127.04299,서울특별시 서초구 양재동 266-1
37.47327182,127.047684,서울특별시 서초구 양재동 289-10
37.48385324,127.0091039,서울특별시 서초구 서초동 1532-7
37.51671069,127.0181022,서울특별시 서초구 잠원동 11-7
37.5090727,127.0185746,서울특별시 서초구 반포동 711-24
37.49551813,126.9855224,서울특별시 서초구 방배동 761-7
37.5162663,127.0181022,서울특별시 서초구 잠원동 14-8
37.4720775,127.0464064,서울특별시 서초구 양재동 391-18
37.4947132,127.0156586,서울특별시 서초구 서초동 1691-2
37.49401907,127.028213,서울특별시 서초구 서초동 1330-18
37.499081,126.998759,서울특별시 서초구 반포동 92-7
37.47129977,127.0443233,서울특별시 서초구 양재동 373
37.46810564,127.0414347,서울특별시 서초구 양재동 328-8
37.48707508,127.0086594,서울특별시 서초구 서초동 1523-2
37.50304521,126.9956324,서울특별시 서초구 반포동 18-4
37.4926785,127.0121673,서울특별시 서초구 서초동 1572-10
37.48502033,127.040351,서울특별시 서초구 양재동 2-3
37.50457329,127.0221577,서울특별시 서초구 반포동 739-28
37.48124226,126.9994104,서울특별시 서초구 방배동 985-2
37.48246428,126.996244,서울특별시 서초구 방배동 910-5
37.48490877,127.0147423,서울특별시 서초구 서초동 1602-1
37.49137973,126.9864113,서울특별시 서초구 방배동 790-11
37.48618639,127.0141312,서울특별시 서초구 서초동 1588-2
37.4858058,127.0308541,서울특별시 서초구 서초동 1359-14
37.49818498,127.0132976,서울특별시 서초구 서초동 1685-3
37.49822541,127.0273259,서울특별시 서초구 서초동 1373
37.49804635,127.0264908,서울특별시 서초구 서초동 1317-19
37.5017123,127.0103255,서울특별시 서초구 반포동 54-11
37.48626934,126.9932164,서울특별시 서초구 방배동 937-13
37.49154716,127.0299351,서울특별시 서초구 서초동 1337-22
37.49121319,126.9921052,서울특별시 서초구 방배동 837-3
37.48257515,126.9837451,서울특별시 서초구 방배동 437-14
37.46954962,127.0248807,서울특별시 서초구 우면동 2-4
37.50529544,127.0231854,서울특별시 서초구 반포동 737-16
37.48146441,126.9969384,서울특별시 서초구 방배동 909-8
37.47577146,127.0435732,서울특별시 서초구 양재동 268-3
37.50540603,126.9945213,서울특별시 서초구 반포동 2-8
37.51039315,127.0207245,서울특별시 서초구 반포동 706-6
37.50204585,127.0246298,서울특별시 서초구 서초동 1309-9
37.48396487,127.0387679,서울특별시 서초구 양재동 8-73
37.48229763,126.9959663,서울특별시 서초구 방배동 911-21
37.49879612,127.0186026,서울특별시 서초구 서초동 1682
37.48207571,127.0114093,서울특별시 서초구 서초동 1475-5
37.48974141,127.0074372,서울특별시 서초구 서초동 1502-12
37.4870755,127.0323795,서울특별시 서초구 서초동 1361-3
37.48865856,127.0272688,서울특별시 서초구 서초동 1757
37.47516046,127.0457397,서울특별시 서초구 양재동 280
37.50913313,127.0014445,서울특별시 서초구 잠원동 73
37.4846037,127.0396289,서울특별시 서초구 양재동 2-22
37.48274202,126.9960496,서울특별시 서초구 방배동 910-3
37.51021125,127.0068811,서울특별시 서초구 잠원동 70-1
37.48171469,127.0144646,서울특별시 서초구 서초동 1450-2
37.49960121,126.9978823,서울특별시 서초구 반포동 94-2
37.47904781,126.9854118,서울특별시 서초구 방배동 528-84
37.50121261,127.0244354,서울특별시 서초구 서초동 1308-26
37.49290784,127.014742,서울특별시 서초구 서초동 1658-2
37.48240874,126.9967162,서울특별시 서초구 방배동 910-11
37.5126545,127.0066838,서울특별시 서초구 잠원동 65-32
37.49032491,127.0205471,서울특별시 서초구 서초동 1648-17
37.47965985,127.0411844,서울특별시 서초구 양재동 82-7
37.47939,126.984344,서울특별시 서초구 방배동 465-6
37.49779637,127.0261853,서울특별시 서초구 서초동 1317-23
37.48554764,127.0175198,서울특별시 서초구 서초동 1603-68
37.49032471,127.0093815,서울특별시 서초구 서초동 1550-1
37.48551983,127.0155477,서울특별시 서초구 서초동 1602-5
37.49496261,126.9842725,서울특별시 서초구 방배동 766-4
37.48521386,126.99055,서울특별시 서초구 방배동 941-11
37.48824176,127.0171586,서울특별시 서초구 서초동 1627-5
37.4847144,127.0177975,서울특별시 서초구 서초동 1445-3
37.47668696,126.9845786,서울특별시 서초구 방배동 446-5
37.49165748,126.9866335,서울특별시 서초구 방배동 790-13
37.51101695,127.0203799,서울특별시 서초구 잠원동 37-14
37.47729901,127.0407679,서울특별시 서초구 양재동 94-9
37.49882351,126.997299,서울특별시 서초구 반포동 106-9
37.50257356,127.0243798,서울특별시 서초구 서초동 1303-36
37.491583,127.008342,서울특별시 서초구 서초동 1542-1
37.503748,127.020813,서울특별시 서초구 반포동 745-6
37.47713134,126.983662,서울특별시 서초구 방배동 450-27
37.46960519,127.0259083,서울특별시 서초구 우면동 7-2
37.48326975,126.9967717,서울특별시 서초구 방배동 908-1
37.4920746,127.0142699,서울특별시 서초구 서초동 1656-1
37.47679911,127.0429621,서울특별시 서초구 양재동 263-5
37.499701,127.0178489,서울특별시 서초구 서초동 1683-2
37.514941,127.01873,서울특별시 서초구 잠원동 22-19
37.47601,127.043026,서울특별시 서초구 양재동 264-10
37.49686105,127.0281183,서울특별시 서초구 서초동 1374
37.50487882,127.023102,서울특별시 서초구 반포동 747
37.49387944,126.9860224,서울특별시 서초구 방배동 778-8
37.4964352,127.0143809,서울특별시 서초구 서초동 1697-7
37.47821452,126.982051,서울특별시 서초구 방배동 444-15
37.50904495,127.01963,서울특별시 서초구 반포동 718-7
37.49379436,127.0131129,서울특별시 서초구 서초동 1715-9
37.48457511,126.9945774,서울특별시 서초구 방배동 926-13
37.46177294,127.0353521,서울특별시 서초구 양재동 217
37.48746346,126.982884,서울특별시 서초구 방배동 1647
37.50743381,127.0077978,서울특별시 서초구 잠원동 69-22
37.47893672,126.9854118,서울특별시 서초구 방배동 528-85
37.5121557,127.0197966,서울특별시 서초구 잠원동 36-17
37.48668627,127.0104926,서울특별시 서초구 서초동 1582-12
37.48229741,126.9839951,서울특별시 서초구 방배동 437-26
37.49543538,127.0174639,서울특별시 서초구 서초동 1686-6
37.49290785,127.0152975,서울특별시 서초구 서초동 1659-2
37.48929677,126.9936329,서울특별시 서초구 방배동 850-34
37.48790838,127.0124646,서울특별시 서초구 서초동 1580-7
37.479447,126.983469,서울특별시 서초구 방배동 454-20
37.49122581,126.9856257,서울특별시 서초구 방배동 789-39
37.46874444,127.0403515,서울특별시 서초구 양재동 327
37.51593301,127.0184633,서울특별시 서초구 잠원동 14-13
37.50612866,127.0220465,서울특별시 서초구 반포동 735-30
37.51623852,127.0175467,서울특별시 서초구 잠원동 10-44
37.4918526,127.0252133,서울특별시 서초구 서초동 1332-4
37.4944627,126.985828,서울특별시 서초구 방배동 768-13
37.492221,127.029062,서울특별시 서초구 서초동 1337-14
37.48857504,127.0162976,서울특별시 서초구 서초동 1626-3
37.50871169,127.0220465,서울특별시 서초구 반포동 722-32
37.4753271,127.0453231,서울특별시 서초구 양재동 279-8
37.46180071,127.0353521,서울특별시 서초구 양재동 217
37.486472,127.02609,서울특별시 서초구 서초동 1348-7
37.50437848,127.0007985,서울특별시 서초구 반포동 18-3
37.49549098,127.0207136,서울특별시 서초구 서초동 1679-1
37.49512982,127.0153252,서울특별시 서초구 서초동 1696-12
37.48390931,127.038129,서울특별시 서초구 양재동 8-4
37.47899223,126.9833842,서울특별시 서초구 방배동 451-36
37.48113141,127.0134925,서울특별시 서초구 서초동 1451-95
37.50821142,127.0036593,서울특별시 서초구 잠원동 72-3
37.48640823,126.994133,서울특별시 서초구 방배동 935-40
37.51921034,127.0146302,서울특별시 서초구 잠원동 51
37.49121355,127.0125201,서울특별시 서초구 서초동 1569-7
37.48546429,127.0162699,서울특별시 서초구 서초동 1603-20
37.4958244,127.0273241,서울특별시 서초구 서초동 1327-1
37.46199511,127.0339634,서울특별시 서초구 양재동 220-3
37.49496339,127.0278241,서울특별시 서초구 서초동 1327-19
37.481084,127.01523,서울특별시 서초구 서초동 700
37.493472,127.017119,서울특별시 서초구 서초동 1669-15
37.51229453,127.0174079,서울특별시 서초구 잠원동 34-21
37.50462852,127.0044371,서울특별시 서초구 반포동 19-3
37.48985262,127.0137978,서울특별시 서초구 서초동 1577-2
37.48321495,127.0384068,서울특별시 서초구 양재동 8-59
37.47935333,126.9851618,서울특별시 서초구 방배동 465-21
37.49510227,127.0279352,서울특별시 서초구 서초동 1327-10
37.48601921,126.9843839,서울특별시 서초구 방배동 866-8
37.48607479,126.986217,서울특별시 서초구 방배동 867-28
37.47216069,127.039407,서울특별시 서초구 양재동 242-9
37.51190573,127.020241,서울특별시 서초구 잠원동 37-1
37.48060315,126.9832175,서울특별시 서초구 방배동 455-20
37.47643805,127.0436843,서울특별시 서초구 양재동 274
37.47507715,127.0468229,서울특별시 서초구 양재동 283-4
37.48538042,126.9858282,서울특별시 서초구 방배동 951-20
37.49121357,127.0135755,서울특별시 서초구 서초동 1576-1
37.49540758,127.0163807,서울특별시 서초구 서초동 1685-8
37.49068531,126.9830505,서울특별시 서초구 방배동 2270-1
37.49468541,127.0142698,서울특별시 서초구 서초동 1695-21
37.48871348,126.9922164,서울특별시 서초구 방배동 852-15
37.51734951,127.018241,서울특별시 서초구 잠원동 12-2
37.48438153,127.0412121,서울특별시 서초구 양재동 2-30
37.4894637,127.0091871,서울특별시 서초구 서초동 1543-8
37.5099705,127.0199671,서울특별시 서초구 반포동 705-6
37.48739208,127.0253012,서울특별시 서초구 서초동 1346
37.49824026,126.9981323,서울특별시 서초구 반포동 95-6
37.46918885,127.0412958,서울특별시 서초구 양재동 327-8
37.493027,127.017952,서울특별시 서초구 서초동 1667-9
37.48240871,126.9949386,서울특별시 서초구 방배동 913-33
37.49193598,127.0287686,서울특별시 서초구 서초동 1337-2
37.48793563,126.9829951,서울특별시 서초구 방배동 3016
37.48618672,127.0326017,서울특별시 서초구 서초동 1362
37.48790866,127.0278243,서울특별시 서초구 서초동 1342-7
37.51543299,127.0141859,서울특별시 서초구 잠원동 50-5
37.50371229,127.0231854,서울특별시 서초구 서초동 1303
37.4930744,127.0099925,서울특별시 서초구 서초동 1717-2
37.48818577,126.9926053,서울특별시 서초구 방배동 874-3
37.47810342,126.9820788,서울특별시 서초구 방배동 444-16
37.49240791,127.015242,서울특별시 서초구 서초동 1658-17
37.48271423,126.995383,서울특별시 서초구 방배동 911-1
37.49885126,126.9961602,서울특별시 서초구 반포동 107-6
37.50215672,127.0120198,서울특별시 서초구 반포동 32-2
37.48940816,127.0097981,서울특별시 서초구 서초동 1548-1
37.4977681,126.9986045,서울특별시 서초구 반포동 125-3
37.4896855,126.9872446,서울특별시 서초구 방배동 821-12
37.51015594,127.020491,서울특별시 서초구 반포동 708-1
37.495657,126.9854946,서울특별시 서초구 방배동 761-6
37.49143577,127.0137699,서울특별시 서초구 서초동 1575-9
37.48721363,126.9910221,서울특별시 서초구 방배동 871-9
37.49357438,127.011659,서울특별시 서초구 서초동 1716-5
37.51443319,127.0187966,서울특별시 서초구 잠원동 26-9
37.4902137,127.0139366,서울특별시 서초구 서초동 1576-9
37.49254671,127.0109924,서울특별시 서초구 서초동 1554-5
37.48418655,127.0099927,서울특별시 서초구 서초동 1533
37.48090966,127.0383236,서울특별시 서초구 양재동 15-7
37.48954673,126.9928275,서울특별시 서초구 방배동 851-4
37.48057645,127.0431565,서울특별시 서초구 양재동 84-15
37.48349224,127.0128814,서울특별시 서초구 서초동 1451-21
37.46824451,127.0408237,서울특별시 서초구 양재동 327-16
37.48274243,127.0191308,서울특별시 서초구 서초동 1425-15
37.50957266,127.0197689,서울특별시 서초구 반포동 709
37.51073922,127.0208799,서울특별시 서초구 반포동 706-8
37.48543651,127.0162421,서울특별시 서초구 서초동 1603-20
37.49349098,127.007826,서울특별시 서초구 서초동 1708-4
37.48865829,127.012409,서울특별시 서초구 서초동 1564-1
37.48613115,127.0314351,서울특별시 서초구 서초동 1360-48
37.5040499,127.0244226,서울특별시 서초구 서초동 1373
37.50230633,127.0112499,서울특별시 서초구 반포동 52-1
37.49768478,126.9986878,서울특별시 서초구 반포동 90-2
37.51043378,127.010062,서울특별시 서초구 잠원동 66-2
37.48273848,127.012585,서울특별시 서초구 서초동 1451-34
37.495526,127.014647,서울특별시 서초구 서초동 1695-3
37.48196467,127.0145757,서울특별시 서초구 서초동 1452-7
37.51265562,127.0184356,서울특별시 서초구 잠원동 36-3
37.46182849,127.0353521,서울특별시 서초구 양재동 217
37.49479651,127.0144642,서울특별시 서초구 서초동 1695-19
37.48724129,126.984606,서울특별시 서초구 방배동 2997
37.48821384,127.0087705,서울특별시 서초구 서초동 1538-1
37.49071353,127.0076316,서울특별시 서초구 서초동 1541-15
37.49018346,127.0075055,서울특별시 서초구 서초동 1500-10
37.48613117,127.0325739,서울특별시 서초구 서초동 1362
37.46966101,127.0409903,서울특별시 서초구 양재동 324-4
37.51293335,127.0177967,서울특별시 서초구 잠원동 30-4
37.4827978,127.0087984,서울특별시 서초구 서초동 1481-2
37.48743571,126.9841339,서울특별시 서초구 방배동 1507
37.493139,127.015786,서울특별시 서초구 서초동 1659-12
37.49909702,126.9988544,서울특별시 서초구 반포동 92-6
37.50418442,127.0209078,서울특별시 서초구 반포동 741-9
37.48549201,127.0135201,서울특별시 서초구 서초동 1589-14
37.49487983,127.0146586,서울특별시 서초구 서초동 1695-26
37.48932455,126.9936329,서울특별시 서초구 방배동 850-34
37.51396103,127.0188799,서울특별시 서초구 잠원동 27-9
37.48857464,126.9938274,서울특별시 서초구 방배동 875-15
37.50181203,127.024719,서울특별시 서초구 서초동 1309-8
37.48410296,126.9953552,서울특별시 서초구 방배동 924-19
37.478885,127.040734,서울특별시 서초구 양재동 82-16
37.48079787,126.9999382,서울특별시 서초구 방배동 985-21
37.49271338,127.0122978,서울특별시 서초구 서초동 1572-9
37.49501873,127.0156863,서울특별시 서초구 서초동 1696-14
37.5156275,127.0187966,서울특별시 서초구 잠원동 20-1
37.48679709,126.9951051,서울특별시 서초구 방배동 899-16
37.49099136,127.0126867,서울특별시 서초구 서초동 1569-9
37.49943457,126.9984933,서울특별시 서초구 반포동 93-6
37.49660184,127.0136031,서울특별시 서초구 서초동 1699-2
37.48568626,127.0037988,서울특별시 서초구 서초동 1496-12
37.48496465,127.0331017,서울특별시 서초구 서초동 1366-5
37.48415894,127.019353,서울특별시 서초구 서초동 1444-20
37.48832502,127.0137145,서울특별시 서초구 서초동 1579-9
37.4836308,126.9958273,서울특별시 서초구 방배동 924-11
37.48415885,127.0142701,서울특별시 서초구 서초동 1457-4
37.49263036,127.029574,서울특별시 서초구 서초동 1337-33
37.49632735,126.9856582,서울특별시 서초구 방배동 760-2
37.49204633,126.9865502,서울특별시 서초구 방배동 790-21
37.48549151,126.9855227,서울특별시 서초구 방배동 951-18
37.51315554,127.0174079,서울특별시 서초구 잠원동 25-30
37.51093361,127.0194355,서울특별시 서초구 잠원동 40-4
37.48371488,127.0378791,서울특별시 서초구 양재동 11-87
37.46968851,127.0257417,서울특별시 서초구 우면동 7-1
37.51382215,127.0184633,서울특별시 서초구 잠원동 26-14
37.49218571,127.0151309,서울특별시 서초구 서초동 1660-3
37.476223,127.042367,서울특별시 서초구 양재동 263
37.47652061,127.0012437,서울특별시 서초구 방배동 1015-1
37.4930746,127.0208526,서울특별시 서초구 서초동 1641-13
37.49226861,126.991272,서울특별시 서초구 방배동 811-2
37.48532571,127.0323795,서울특별시 서초구 서초동 1362-23
37.49243566,127.013631,서울특별시 서초구 서초동 1574-14
37.49201896,127.0096036,서울특별시 서초구 서초동 1553-5
37.47549371,127.0431844,서울특별시 서초구 양재동 268
37.476391,127.045504,서울특별시 서초구 양재동 277
37.50215628,126.9877165,서울특별시 서초구 반포동 885
37.49438013,127.0276853,서울특별시 서초구 서초동 1327-34
37.48888015,126.9931886,서울특별시 서초구 방배동 875-1
37.50577741,127.0024513,서울특별시 서초구 잠원동 75-16
37.49893485,127.0106589,서울특별시 서초구 반포동 45-2
37.49015814,127.0134644,서울특별시 서초구 서초동 1567-8
37.49393506,126.9900498,서울특별시 서초구 방배동 796-1
37.47241077,127.0451565,서울특별시 서초구 양재동 291-24
37.49418503,126.9899109,서울특별시 서초구 방배동 773-17
37.47890992,127.039879,서울특별시 서초구 양재동 5-21
37.47666028,127.0452119,서울특별시 서초구 양재동 276-6
37.47204959,127.0391571,서울특별시 서초구 양재동 241-10
37.47721575,127.044462,서울특별시 서초구 양재동 275-1
37.4962426,126.9845682,서울특별시 서초구 방배동 762-1
37.47796461,126.9854396,서울특별시 서초구 방배동 473-1
37.492295,127.0120052,서울특별시 서초구 서초동 1571-12
37.47760794,126.982164,서울특별시 서초구 방배동 444-3
37.4711886,127.0400181,서울특별시 서초구 양재동 313-5
37.49260227,127.0119923,서울특별시 서초구 서초동 1572-11
37.51071141,127.0192411,서울특별시 서초구 잠원동 40-8
37.48585313,127.0162421,서울특별시 서초구 서초동 1603-2
37.49424101,127.0139643,서울특별시 서초구 서초동 1693-3
37.47704899,127.0378793,서울특별시 서초구 양재동 110-10
37.50504546,127.0222966,서울특별시 서초구 반포동 739-19
37.4859081,126.9838284,서울특별시 서초구 방배동 866-10
37.46968851,127.0257695,서울특별시 서초구 우면동 7-1
37.51348884,127.0178801,서울특별시 서초구 잠원동 25-24
37.4885084,127.0143059,서울특별시 서초구 서초동 1578-4
37.50240669,127.0118809,서울특별시 서초구 반포동 32-1
37.47252194,127.0495172,서울특별시 서초구 양재동 393-5
37.49101864,126.9853003,서울특별시 서초구 방배동 788-58
37.49562999,127.0281574,서울특별시 서초구 서초동 1328-3
37.49382402,126.9933273,서울특별시 서초구 방배동 797-20
37.47746561,127.0381292,서울특별시 서초구 양재동 109-1
37.50393426,127.0104366,서울특별시 서초구 반포동 57-2
37.47107748,127.0391571,서울특별시 서초구 양재동 315-5
37.456477,127.015452,서울특별시 서초구 우면동 766
37.50560472,127.0218958,서울특별시 서초구 반포동 739-2
37.4874921,127.0309629,서울특별시 서초구 서초동 1357-56
37.51110025,127.0187134,서울특별시 서초구 잠원동 42-11
37.48690886,127.0323795,서울특별시 서초구 서초동 1361-5
37.48510264,126.9836617,서울특별시 서초구 방배동 421-1
37.49565701,126.9858835,서울특별시 서초구 방배동 760-2
37.4863254,127.0219916,서울특별시 서초구 서초동 1439-2
37.49186,127.027173,서울특별시 서초구 서초동 1755-1
37.49093579,127.0114091,서울특별시 서초구 서초동 1557-13
37.48901969,127.0307685,서울특별시 서초구 서초동 1340-3
37.48885272,127.0124646,서울특별시 서초구 서초동 1565-18
37.48415852,126.9956051,서울특별시 서초구 방배동 924-14
37.48382594,127.0356848,서울특별시 서초구 양재동 13-21
37.49451901,127.028213,서울특별시 서초구 서초동 1327-35
37.50485103,127.0219077,서울특별시 서초구 반포동 739-24
37.48763093,127.0288798,서울특별시 서초구 서초동 1356-9
37.47499267,126.9821344,서울특별시 서초구 방배동 2525
37.48471462,127.0298798,서울특별시 서초구 서초동 1364-11
37.48529774,127.0217972,서울특별시 서초구 서초동 1441-1
37.48260292,126.9835507,서울특별시 서초구 방배동 437-13
37.49629579,126.9839392,서울특별시 서초구 방배동 763-3
37.47496604,127.0456842,서울특별시 서초구 양재동 280-10
37.49426903,127.0280186,서울특별시 서초구 서초동 1330-20
37.47249398,127.0391293,서울특별시 서초구 양재동 241-7
37.4702998,127.0393793,서울특별시 서초구 양재동 316-3
37.51457207,127.0187966,서울특별시 서초구 잠원동 26-8
37.47624365,127.0445453,서울특별시 서초구 양재동 276-1
37.47935359,126.999466,서울특별시 서초구 방배동 1022-3
37.47832593,126.9992994,서울특별시 서초구 방배동 1031-2
37.48257536,126.995133,서울특별시 서초구 방배동 913-19
37.50485187,127.0016543,서울특별시 서초구 반포동 19-1
37.51479426,127.0187688,서울특별시 서초구 잠원동 22-20
37.49668471,126.988411,서울특별시 서초구 방배동 725
37.49174087,126.989911,서울특별시 서초구 방배동 815-3
37.50287886,127.0120198,서울특별시 서초구 반포동 30-25
37.5030457,127.022991,서울특별시 서초구 서초동 1302-44
37.48746352,126.9861615,서울특별시 서초구 방배동 862-1
37.49138019,127.0120479,서울특별시 서초구 서초동 1570-1
37.49796251,126.9977434,서울특별시 서초구 반포동 95-11
37.46893887,127.0409625,서울특별시 서초구 양재동 327-10
37.48913045,127.0115758,서울특별시 서초구 서초동 1561-8
37.4771602,127.0443787,서울특별시 서초구 양재동 275-1
37.49490716,126.9896054,서울특별시 서초구 방배동 773-5
37.47738138,126.9874672,서울특별시 서초구 방배동 477-1
37.48715796,126.9839672,서울특별시 서초구 방배동 1432
37.49101863,126.9841893,서울특별시 서초구 방배동 2104
37.5157108,127.0177967,서울특별시 서초구 잠원동 14-17
37.47718688,126.9831342,서울특별시 서초구 방배동 450-25
37.49618468,126.983717,서울특별시 서초구 방배동 764-4
37.49054712,127.0212693,서울특별시 서초구 서초동 1647-2
37.48465875,127.011937,서울특별시 서초구 서초동 1585-12
37.510247,127.020813,서울특별시 서초구 반포동 707
37.45682871,127.0153541,서울특별시 서초구 우면동 755
37.47921548,127.0419344,서울특별시 서초구 양재동 89-8
37.47790999,127.0371571,서울특별시 서초구 양재동 68-7
37.49340802,127.0281297,서울특별시 서초구 서초동 1330-5
37.49874021,126.9987155,서울특별시 서초구 반포동 92-11
37.48974147,127.0109091,서울특별시 서초구 서초동 1560-2
37.49315778,127.01302,서울특별시 서초구 서초동 1573-21
37.49801809,126.9997155,서울특별시 서초구 반포동 73-1
37.47602145,127.0445454,서울특별시 서초구 양재동 276-13
37.50492437,127.0014378,서울특별시 서초구 반포동 128-3
37.47843672,126.9822454,서울특별시 서초구 방배동 443-5
37.47685365,126.9867173,서울특별시 서초구 방배동 478-1
37.49796249,126.9968269,서울특별시 서초구 반포동 107-30
37.49174143,127.0215192,서울특별시 서초구 서초동 1645
37.49110277,127.0302684,서울특별시 서초구 서초동 1338-23
37.46846671,127.0410181,서울특별시 서초구 양재동 328-12
37.48513099,127.0158255,서울특별시 서초구 서초동 1602-10
37.471974,127.046144,서울특별시 서초구 양재동 377-5
37.491027,127.013841,서울특별시 서초구 서초동 1576-3
37.46541115,127.0213533,서울특별시 서초구 우면동 686
37.48018654,126.9833841,서울특별시 서초구 방배동 454-2
37.50210115,127.0109088,서울특별시 서초구 반포동 52-2
37.48249221,127.0047988,서울특별시 서초구 서초동 1489-1
37.46979995,127.04449,서울특별시 서초구 양재동 369
37.49249124,127.0157975,서울특별시 서초구 서초동 1658-23
37.47107749,127.0394348,서울특별시 서초구 양재동 314-9
37.48826917,126.9966605,서울특별시 서초구 방배동 894-21
37.48926889,126.9874946,서울특별시 서초구 방배동 830-3
37.47588259,127.0453231,서울특별시 서초구 양재동 278-11
37.4869915,126.994494,서울특별시 서초구 방배동 898-8
37.47499357,127.0321854,서울특별시 서초구 양재동 138-4
37.48415894,127.0193807,서울특별시 서초구 서초동 1444-20
37.48940787,126.9938829,서울특별시 서초구 방배동 850-32
37.48232538,126.9945219,서울특별시 서초구 방배동 914-16
37.46257838,127.0342133,서울특별시 서초구 양재동 219-7
37.49576862,127.014492,서울특별시 서초구 서초동 1698-15
37.475138,127.0374384,서울특별시 서초구 양재동 121-7
37.49531607,127.0168662,서울특별시 서초구 서초동 1685-8
37.49829629,127.0252131,서울특별시 서초구 서초동 1316-29
37.49849025,126.9993822,서울특별시 서초구 반포동 72-2
37.492693,127.016183,서울특별시 서초구 서초동 1659-18
37.48285312,126.9962995,서울특별시 서초구 방배동 910-14
37.47690913,126.9829398,서울특별시 서초구 방배동 445-1
37.50801732,127.0217132,서울특별시 서초구 반포동 724-40
37.46749462,127.0420736,서울특별시 서초구 양재동 350-8
37.49921236,126.9977712,서울특별시 서초구 반포동 94-13
37.50486335,127.0007632,서울특별시 서초구 반포동 128-1
37.48476986,127.0127424,서울특별시 서초구 서초동 1586-2
37.51054479,127.0204355,서울특별시 서초구 반포동 706-4
37.48568672,127.0291576,서울특별시 서초구 서초동 1355-5
37.49435237,127.028824,서울특별시 서초구 서초동 1329
37.48199236,127.0103261,서울특별시 서초구 서초동 1476-11
37.51404431,127.0164913,서울특별시 서초구 잠원동 23-14
37.48701923,126.9922442,서울특별시 서초구 방배동 938-5
37.49263007,127.0134922,서울특별시 서초구 서초동 1574-10
37.47163308,127.0452676,서울특별시 서초구 양재동 377
37.49179682,127.0126034,서울특별시 서초구 서초동 1570-11
37.48657473,126.9861337,서울특별시 서초구 방배동 862-31
37.49371335,127.0170196,서울특별시 서초구 서초동 1670-15
37.49490762,127.0151308,서울특별시 서초구 서초동 1695-12
37.51062806,127.0174357,서울특별시 서초구 잠원동 45-14
37.5069491,127.0216836,서울특별시 서초구 반포동 735-2
37.47441046,127.0408235,서울특별시 서초구 양재동 261-3
37.49596275,126.9983268,서울특별시 서초구 반포동 88-1
37.48679706,126.9937719,서울특별시 서초구 방배동 936-10
37.4854011,127.0188235,서울특별시 서초구 서초동 1443-3
37.49601807,126.9854668,서울특별시 서초구 방배동 761-4
37.4793811,126.9847174,서울특별시 서초구 방배동 465-30
37.49387943,126.985828,서울특별시 서초구 방배동 778-2
37.49862909,126.9973823,서울특별시 서초구 반포동 105-2
37.47926998,126.9834119,서울특별시 서초구 방배동 451-1
37.48232623,127.0422676,서울특별시 서초구 양재동 3-19
37.51615521,127.0183244,서울특별시 서초구 잠원동 14-10
37.49321328,127.0103535,서울특별시 서초구 서초동 1717-4
37.48574425,127.0155322,서울특별시 서초구 서초동 1600-11
37.48379745,126.9957996,서울특별시 서초구 방배동 924-12
37.48815835,127.012409,서울특별시 서초구 서초동 1580-18
37.49699019,126.986189,서울특별시 서초구 방배동 756-7
37.50682304,127.0227965,서울특별시 서초구 반포동 736-17
37.50051825,127.0247131,서울특별시 서초구 서초동 1308-16
37.4872135,126.9837728,서울특별시 서초구 방배동 1427
37.48729768,127.0310463,서울특별시 서초구 서초동 1358-1
37.47849229,126.983773,서울특별시 서초구 방배동 451-23
37.47496602,127.0449898,서울특별시 서초구 양재동 272-8
37.48471399,126.9945219,서울특별시 서초구 방배동 926-11
37.50397052,127.0065221,서울특별시 서초구 반포동 118-3
37.48379775,127.0124092,서울특별시 서초구 서초동 1459-10
37.50569385,127.0057649,서울특별시 서초구 반포동 19-4
37.48571435,127.0212694,서울특별시 서초구 서초동 1443-33
37.48929678,126.9940773,서울특별시 서초구 방배동 876-41
37.48951923,127.0083816,서울특별시 서초구 서초동 1540-7
37.5038234,127.0234631,서울특별시 서초구 서초동 1303-3
37.46713342,127.035102,서울특별시 서초구 양재동 204-1
37.49188014,127.0122145,서울특별시 서초구 서초동 1571-27
37.50362896,127.0226577,서울특별시 서초구 서초동 1302-52
37.48015926,127.0113538,서울특별시 서초구 서초동 1465-11
37.50715631,127.0212966,서울특별시 서초구 반포동 725-15
37.49113022,127.0118535,서울특별시 서초구 서초동 1557-20
37.51282225,127.0176579,서울특별시 서초구 잠원동 35-1
37.50471218,127.0231576,서울특별시 서초구 반포동 747-3
37.51357218,127.0187411,서울특별시 서초구 잠원동 29-2
37.48402003,127.0172976,서울특별시 서초구 서초동 1445-13
37.48446477,127.0366292,서울특별시 서초구 양재동 11-17
37.4847422,127.018853,서울특별시 서초구 서초동 1444-2
37.48613085,127.0144645,서울특별시 서초구 서초동 1601-1
37.46899441,127.0401015,서울특별시 서초구 양재동 326-8
37.494249,126.984344,서울특별시 서초구 방배동 766-29
37.48321447,127.0114926,서울특별시 서초구 서초동 1461-2
37.4834371,127.0360737,서울특별시 서초구 양재동 13-6
37.47421616,127.047684,서울특별시 서초구 양재동 288-4
37.4931301,127.0181306,서울특별시 서초구 서초동 1668-16
37.4856864,127.0116036,서울특별시 서초구 서초동 1583-10
37.4892415,127.0092982,서울특별시 서초구 서초동 1544-1
37.47610478,127.0451009,서울특별시 서초구 양재동 278-13
37.51165575,127.0196299,서울특별시 서초구 잠원동 38-12
37.483156,126.995285,서울특별시 서초구 방배동 923-6
37.49226856,126.9886611,서울특별시 서초구 방배동 793-4
37.46929995,127.041157,서울특별시 서초구 양재동 327-5
37.4757437,127.0441287,서울특별시 서초구 양재동 273-11
37.48290881,127.0041044,서울특별시 서초구 서초동 1490-30
37.51235011,127.0190189,서울특별시 서초구 잠원동 36-28
37.48888015,126.9936607,서울특별시 서초구 방배동 875-20
37.48657539,127.0229637,서울특별시 서초구 서초동 1438-1
37.49168975,127.0302097,서울특별시 서초구 서초동 1337-22
37.48121442,126.9959663,서울특별시 서초구 방배동 912-4
37.5039252,127.004725,서울특별시 서초구 반포동 19-3
37.48760311,127.0265744,서울특별시 서초구 서초동 1343-5
37.51723841,127.0180744,서울특별시 서초구 잠원동 12-1
37.50321235,127.0229077,서울특별시 서초구 서초동 1302-45
37.49329667,127.0140476,서울특별시 서초구 서초동 1672-9
37.47366067,127.0480451,서울특별시 서초구 양재동 289-4
37.50462884,127.0223243,서울특별시 서초구 반포동 739-33
37.50946159,127.0210743,서울특별시 서초구 반포동 707-8
37.48712,127.0155814,서울특별시 서초구 서초동 1623-3
37.48309118,126.9952825,서울특별시 서초구 방배동 923-6
37.49332446,127.0147976,서울특별시 서초구 서초동 1671-3
37.48526986,127.0157144,서울특별시 서초구 서초동 1602-8
37.48890794,126.9944107,서울특별시 서초구 방배동 876-33
37.49768476,126.9977434,서울특별시 서초구 반포동 96-1
37.48782471,126.9930219,서울특별시 서초구 방배동 874-8
37.48568644,127.0134646,서울특별시 서초구 서초동 1589-13
37.48302049,127.0364348,서울특별시 서초구 양재동 13-13
37.51662738,127.0188799,서울특별시 서초구 잠원동 12-21
37.48410289,126.9912722,서울특별시 서초구 방배동 931-28
37.49393555,127.0175195,서울특별시 서초구 서초동 1675-9
37.47821452,126.9820788,서울특별시 서초구 방배동 444-15
37.475641,127.044561,서울특별시 서초구 양재동 273-2
37.48921346,126.9941884,서울특별시 서초구 방배동 876-39
37.47557703,127.0432955,서울특별시 서초구 양재동 268-1
37.47888113,126.9833008,서울특별시 서초구 방배동 451-2
37.49993485,127.0174083,서울특별시 서초구 서초동 1684-1
37.5138777,127.0184633,서울특별시 서초구 잠원동 26-14
37.47704802,126.9841897,서울특별시 서초구 방배동 449-5
37.50468436,127.0205745,서울특별시 서초구 반포동 732-26
37.48690844,127.0089649,서울특별시 서초구 서초동 1524-22
37.47546596,127.044712,서울특별시 서초구 양재동 273-4
37.5164885,127.0181577,서울특별시 서초구 잠원동 13-10
37.50540652,127.0216577,서울특별시 서초구 반포동 739
37.48540875,127.0170476,서울특별시 서초구 서초동 1603-66
37.51285004,127.0183522,서울특별시 서초구 잠원동 36-1
37.49454652,127.0137699,서울특별시 서초구 서초동 1694-25
37.46805011,127.0420736,서울특별시 서초구 양재동 349
37.49348422,126.986173,서울특별시 서초구 방배동 778-11
37.50343455,127.0234632,서울특별시 서초구 서초동 1303-9
37.47216081,127.0458231,서울특별시 서초구 양재동 291-19
37.48779725,127.0103537,서울특별시 서초구 서초동 1545-6
37.49271366,127.0283519,서울특별시 서초구 서초동 1330-8
37.49182459,127.0120201,서울특별시 서초구 서초동 1571-26
37.49560195,127.0134921,서울특별시 서초구 서초동 1699-16
37.48379821,127.0381846,서울특별시 서초구 양재동 8-6
37.50565613,127.0019095,서울특별시 서초구 잠원동 75-13
37.47527155,127.0454897,서울특별시 서초구 양재동 279-7
37.4822143,126.9960218,서울특별시 서초구 방배동 911-20
37.48410332,127.0155755,서울특별시 서초구 서초동 1446-1
37.51443319,127.0187688,서울특별시 서초구 잠원동 26-9
37.48249285,127.0404067,서울특별시 서초구 양재동 18-7
37.51282226,127.0183522,서울특별시 서초구 잠원동 36-1
37.48096523,127.0393235,서울특별시 서초구 양재동 17-10
37.49057439,126.9932163,서울특별시 서초구 방배동 839-12
37.51637741,127.018741,서울특별시 서초구 잠원동 13-5
37.51621075,127.0181577,서울특별시 서초구 잠원동 14-9
37.48751901,126.9830228,서울특별시 서초구 방배동 1545
37.49226896,127.0109091,서울특별시 서초구 서초동 1554-9
37.51293323,127.0109363,서울특별시 서초구 잠원동 61-7
37.50290683,127.0230188,서울특별시 서초구 서초동 1302-40
37.48851943,127.0127701,서울특별시 서초구 서초동 1564-4
37.48207519,126.9828008,서울특별시 서초구 방배동 455-1
37.49274074,126.9893277,서울특별시 서초구 방배동 793-21
37.49654649,127.024741,서울특별시 서초구 서초동 1321-2
37.48451983,127.0094094,서울특별시 서초구 서초동 1530-12
37.47538262,127.0435455,서울특별시 서초구 양재동 269-1
37.49624085,127.0183249,서울특별시 서초구 서초동 1687
37.48749123,126.9828562,서울특별시 서초구 방배동 1647
37.48996372,127.0134922,서울특별시 서초구 서초동 1566-5
37.49407432,127.0118256,서울특별시 서초구 서초동 1712-8
37.49818448,126.9852446,서울특별시 서초구 방배동 751-1
37.49251902,127.0162141,서울특별시 서초구 서초동 1659-21
37.50841733,127.0118684,서울특별시 서초구 잠원동 58-24
37.48871348,126.9922442,서울특별시 서초구 방배동 852-15
37.48657512,127.0075762,서울특별시 서초구 서초동 1512-5
37.48826954,127.0171586,서울특별시 서초구 서초동 1627-5
37.47277186,127.0462953,서울특별시 서초구 양재동 293-4
37.49026875,126.9863836,서울특별시 서초구 방배동 822-16
37.49249148,127.0292685,서울특별시 서초구 서초동 1337-17
37.471697,127.045422,서울특별시 서초구 양재동 377-1
37.51218343,127.0175746,서울특별시 서초구 잠원동 34-24
37.51740505,127.0174633,서울특별시 서초구 잠원동 9-5
37.49487981,127.0130477,서울특별시 서초구 서초동 1714-21
37.49029687,127.0057151,서울특별시 서초구 서초동 1498-5
37.48324272,127.0380457,서울특별시 서초구 양재동 10-4
37.46452244,127.0255752,서울특별시 서초구 우면동 721-1
37.47713134,126.9839397,서울특별시 서초구 방배동 449-6
37.49812916,126.9979379,서울특별시 서초구 반포동 95-12
37.49549095,127.0187138,서울특별시 서초구 서초동 1689-6
37.48251998,127.0047988,서울특별시 서초구 서초동 1489-1
37.49049137,127.0097703,서울특별시 서초구 서초동 1550-7
37.47441053,127.0445732,서울특별시 서초구 양재동 305
37.49499117,127.0279908,서울특별시 서초구 서초동 1327-11
37.5092116,127.0203244,서울특별시 서초구 반포동 709-8
37.50513876,127.0095369,서울특별시 서초구 반포동 118-3
37.46857757,127.0279082,서울특별시 서초구 우면동 13-1
37.49307436,127.0076871,서울특별시 서초구 서초동 1720-7
37.51365552,127.0197965,서울특별시 서초구 잠원동 28-1
37.49396329,127.0155197,서울특별시 서초구 서초동 1673-10
37.48632528,127.0150755,서울특별시 서초구 서초동 1600-4
37.506997,127.022174,서울특별시 서초구 반포동 735-16
37.49088028,127.0138533,서울특별시 서초구 서초동 1576-4
37.48690876,127.0273244,서울특별시 서초구 서초동 1344-26
37.48057637,127.0386013,서울특별시 서초구 양재동 15-28
37.47613251,127.0425455,서울특별시 서초구 양재동 263-16
37.49757369,126.9994377,서울특별시 서초구 반포동 75-2
37.50876691,127.0035204,서울특별시 서초구 잠원동 72-2
37.49101916,127.0138533,서울특별시 서초구 서초동 1576-3
37.50251798,127.0224355,서울특별시 서초구 서초동 1302-8
37.50276795,127.0225466,서울특별시 서초구 서초동 1302-33
37.46974435,127.0417958,서울특별시 서초구 양재동 333-1
37.4863803,126.9858282,서울특별시 서초구 방배동 864-26
37.47982576,126.9996049,서울특별시 서초구 방배동 1021-17
37.49565821,126.9858582,서울특별시 서초구 방배동 760-2
37.49810139,126.9981045,서울특별시 서초구 반포동 95-7
37.50346209,127.0101033,서울특별시 서초구 반포동 58-9
37.47704832,127.0009382,서울특별시 서초구 방배동 1024-7
37.49051885,126.9936607,서울특별시 서초구 방배동 87-73
37.5049594,127.0044042,서울특별시 서초구 반포동 19-3
37.48402035,127.0351015,서울특별시 서초구 양재동 12-11
37.49899018,126.9985211,서울특별시 서초구 반포동 92-14
37.51346108,127.01863,서울특별시 서초구 잠원동 29-9
37.48799117,126.9828284,서울특별시 서초구 방배동 1756
37.49263037,127.0299351,서울특별시 서초구 서초동 1374
37.50393504,127.002385,서울특별시 서초구 반포동 19-3
37.49051883,126.9926052,서울특별시 서초구 방배동 837-10
37.479972,126.999065,서울특별시 서초구 방배동 983-12
37.47710359,126.9851618,서울특별시 서초구 방배동 448-6
37.49124165,127.0301573,서울특별시 서초구 서초동 1338-11
37.48202064,127.0381013,서울특별시 서초구 양재동 10-42
37.47977096,127.0418233,서울특별시 서초구 양재동 88-11
37.50096265,127.0250464,서울특별시 서초구 서초동 1308-10
37.48201722,126.9835353,서울특별시 서초구 방배동 456-1
37.47466046,127.0428233,서울특별시 서초구 양재동 265-24
37.49140801,127.014381,서울특별시 서초구 서초동 1656-6
37.48921344,126.9934385,서울특별시 서초구 방배동 851-9
37.50587869,127.0221577,서울특별시 서초구 반포동 738
37.48546431,127.0173253,서울특별시 서초구 서초동 1603-67
37.48285312,126.995994,서울특별시 서초구 방배동 910-2
37.49329672,127.0165474,서울특별시 서초구 서초동 1669-8
37.4981845,126.9864111,서울특별시 서초구 방배동 750-12
37.49468548,127.0182417,서울특별시 서초구 서초동 1677-1
37.50162943,127.0356288,서울특별시 강남구 역삼동 642-1
37.48415923,127.035296,서울특별시 서초구 양재동 12-4
37.47735354,126.983662,서울특별시 서초구 방배동 450-26
37.47132747,127.0400459,서울특별시 서초구 양재동 313-4
37.48890819,127.0080483,서울특별시 서초구 서초동 1509-3
37.49812965,127.0252687,서울특별시 서초구 서초동 1316-28
37.49596252,126.9857724,서울특별시 서초구 방배동 760-2
37.46966107,127.04424,서울특별시 서초구 양재동 341
37.49171313,126.9918553,서울특별시 서초구 방배동 811-13
37.49385163,126.983967,서울특별시 서초구 방배동 781-1
37.4855201,127.0308241,서울특별시 서초구 서초동 1364-38
37.48507571,127.0307686,서울특별시 서초구 서초동 1364-65
37.48543653,127.0170198,서울특별시 서초구 서초동 1603-66
37.49415725,126.9899109,서울특별시 서초구 방배동 773-17
37.48366997,127.0083404,서울특별시 서초구 서초동 1527-8
37.51126693,127.0205743,서울특별시 서초구 잠원동 37-12
37.47535486,127.0445731,서울특별시 서초구 양재동 273-7
37.48807506,127.0142422,서울특별시 서초구 서초동 1598-1
37.49171297,126.983356,서울특별시 서초구 방배동 2229
37.49579591,126.9879111,서울특별시 서초구 방배동 772-1
37.45649538,127.0134098,서울특별시 서초구 우면동 753
37.46277258,127.0216867,서울특별시 서초구 우면동 712
37.48590892,127.0296298,서울특별시 서초구 서초동 1364
37.48182541,126.9932999,서울특별시 서초구 방배동 918-17
37.49954567,126.99841,서울특별시 서초구 반포동 93-7
37.49371356,127.0290463,서울특별시 서초구 서초동 1329-6
37.492832,127.009286,서울특별시 서초구 서초동 1718-4
37.48832467,126.9942718,서울특별시 서초구 방배동 876-19
37.49532367,126.9835226,서울특별시 서초구 방배동 764-34
37.49579593,126.9887721,서울특별시 서초구 방배동 19-3
37.48618639,127.0141034,서울특별시 서초구 서초동 1588-2
37.5071272,127.0098397,서울특별시 서초구 반포동 20-45
37.51215568,127.0189078,서울특별시 서초구 잠원동 35-29
37.46954997,127.0441289,서울특별시 서초구 양재동 341-13
37.50893384,127.0192134,서울특별시 서초구 반포동 718
37.48365888,127.0126314,서울특별시 서초구 서초동 1451-16
37.48824115,126.9831062,서울특별시 서초구 방배동 1847
37.46860534,127.0277693,서울특별시 서초구 우면동 13
37.51218344,127.0181856,서울특별시 서초구 잠원동 35-19
37.46278,127.043839,서울특별시 서초구 양재동 230
37.4981567,126.9852446,서울특별시 서초구 방배동 751-1
37.47788226,127.040129,서울특별시 서초구 양재동 93-15
37.48124301,127.0413788,서울특별시 서초구 양재동 6-39
37.48290937,127.0349905,서울특별시 서초구 양재동 24
37.48074202,126.9832452,서울특별시 서초구 방배동 455-15
37.46816121,127.0425458,서울특별시 서초구 양재동 347-10
37.46857779,127.0404626,서울특별시 서초구 양재동 327-13
37.49829582,126.9988822,서울특별시 서초구 반포동 91-3
37.51040591,127.0200744,서울특별시 서초구 반포동 706
37.49210264,127.0290741,서울특별시 서초구 서초동 1337-14
37.487388,127.025285,서울특별시 서초구 서초동 1346
37.49,127.013814,서울특별시 서초구 서초동 1577-1
37.49954567,126.9984378,서울특별시 서초구 반포동 93-7
37.46402249,127.0249919,서울특별시 서초구 우면동 725
37.491258,127.013604,서울특별시 서초구 서초동 1576-1
37.49254674,127.0129644,서울특별시 서초구 서초동 1574-2
37.48768583,126.9928553,서울특별시 서초구 방배동 874-7
37.50998929,127.0199633,서울특별시 서초구 반포동 705-6
37.47938137,127.0001882,서울특별시 서초구 방배동 1021-10
37.48399258,127.0354348,서울특별시 서초구 양재동 12-7
37.49376882,127.0129922,서울특별시 서초구 서초동 1715-9
37.5078494,127.009088,서울특별시 서초구 잠원동 68-1
37.4914916,127.0293519,서울특별시 서초구 서초동 1337-9
37.4977401,126.9858279,서울특별시 서초구 방배동 751-6
37.47124386,127.0243529,서울특별시 서초구 우면동 59
37.479223,127.041978,서울특별시 서초구 양재동 89-8
37.48965812,127.0091315,서울특별시 서초구 서초동 1543-9
37.50235137,127.024852,서울특별시 서초구 서초동 1304
37.47082726,127.0253528,서울특별시 서초구 우면동 66-2
37.49867867,127.0127423,서울특별시 서초구 서초동 1685-3
37.46946631,127.0253528,서울특별시 서초구 우면동 6
37.48096526,127.0410455,서울특별시 서초구 양재동 19-13
37.49393574,127.0278519,서울특별시 서초구 서초동 1330
37.48127013,127.0047988,서울특별시 서초구 방배동 1002-5
37.46921664,127.0420458,서울특별시 서초구 양재동 332-12
37.46405027,127.0249919,서울특별시 서초구 우면동 725
37.47624261,126.986745,서울특별시 서초구 방배동 479-3
37.46296739,127.0434625,서울특별시 서초구 양재동 230
37.494388,127.019813,서울특별시 서초구 서초동 1637-1
37.48196509,127.0379902,서울특별시 서초구 양재동 10-41
37.48840835,127.0140756,서울특별시 서초구 서초동 1578-5
37.48135334,126.9989105,서울특별시 서초구 방배동 984-3
37.494554,127.028034,서울특별시 서초구 서초동 1327-15
37.49749082,127.024491,서울특별시 서초구 서초동 1316-5
37.462834,127.02674,서울특별시 서초구 우면동 720
